"Código","Denominación"
"00000","Species unknown"
"00010","Struthio camelus"
"00020","Gavia stellata"
"00030","Gavia arctica"
"00040","Gavia immer"
"00050","Gavia adamsii"
"00059","Gavia sp."
"00060","Podilymbus podiceps"
"00070","Tachybaptus ruficollis"
"00080","Tachybaptus dominicus"
"00090","Podiceps cristatus"
"00100","Podiceps grisegena"
"00110","Podiceps auritus"
"00120","Podiceps nigricollis"
"00129","Podiceps sp."
"00130","Aechmophorus occidentalis"
"00140","Diomedea melanophris"
"00150","Diomedea chlororhynchos"
"00160","Diomedea cauta"
"00170","Diomedea nigripes"
"00180","Diomedea immutabilis"
"00190","Diomedea albatrus"
"00200","Diomedea exulans"
"00210","Macronectes giganteus"
"00220","Fulmarus glacialis"
"00221","Fulmarus glacialis glacialis"
"00230","Daption capense"
"00240","Pterodroma arminjoniana"
"00250","Pterodroma neglecta"
"00260","Pterodroma mollis"
"00261","Pterodroma mollis mollis"
"00262","Pterodroma mollis feae"
"00263","Pterodroma mollis madeira"
"00270","Pterodroma inexpectata"
"00280","Pterodroma solandri"
"00290","Pterodroma hasitata"
"00300","Pterodroma hypoleuca"
"00310","Pterodroma cookii"
"00320","Pterodroma longirostris"
"00330","Pterodroma leucoptera"
"00340","Bulweria bulwerii"
"00350","Bulweria fallax"
"00360","Calonectris diomedea"
"00370","Calonectris leucomelas"
"00380","Puffinus carneipes"
"00390","Puffinus creatopus"
"00400","Puffinus gravis"
"00410","Puffinus pacificus"
"00420","Puffinus bulleri"
"00430","Puffinus griseus"
"00440","Puffinus tenuirostris"
"00450","Puffinus nativitatis"
"00460","Puffinus puffinus"
"00461","Puffinus puffinus puffinus"
"00462","Puffinus puffinus yelkouan"
"00463","Puffinus puffinus mauretanicus"
"00470","Puffinus auricularis"
"00480","Puffinus assimilis"
"00481","Puffinus assimilis assimilis"
"00482","Puffinus assimilis baroli"
"00483","Puffinus assimilis boydi"
"00484","Puffinus assimilis persicus"
"00485","Puffinus assimilis bannermani"
"00490","Puffinus lherminieri"
"00499","Puffinus sp."
"00500","Oceanites oceanicus"
"00510","Pelagodroma marina"
"00520","Hydrobates pelagicus"
"00521","Hydrobates pelagicus pelagicus"
"00522","Hydrobates pelagicus melitensis"
"00530","Halocyptena microsoma"
"00540","Oceanodroma furcata"
"00550","Oceanodroma leucorhoa"
"00560","Oceanodroma monorhis"
"00570","Oceanodroma homochroa"
"00580","Oceanodroma castro"
"00590","Oceanodroma tethys"
"00600","Oceanodroma melania"
"00610","Oceanodroma matsudairae"
"00620","Oceanodroma macrodactyla"
"00630","Oceanodroma tristrami"
"00639","Oceanodroma sp."
"00640","Phaethon aethereus"
"00650","Phaethon rubricauda"
"00660","Phaethon lepturus"
"00670","Sula sula"
"00680","Sula dactylatra"
"00690","Sula nebouxii"
"00700","Sula leucogaster"
"00710","Sula bassana"
"00712","Sula bassana capensis"
"00720","Phalacrocorax carbo"
"00721","Phalacrocorax carbo carbo"
"00722","Phalacrocorax carbo sinensis"
"00730","Phalacrocorax capillatus"
"00740","Phalacrocorax perspicillatus"
"00750","Phalacrocorax pelagicus"
"00760","Phalacrocorax urile"
"00770","Phalacrocorax penicillatus"
"00780","Phalacrocorax auritus"
"00790","Phalacrocorax olivaceus"
"00800","Phalacrocorax aristotelis"
"00801","Phalacrocorax aristotelis aristotelis"
"00802","Phalacrocorax aristotelis desmarestii"
"00810","Phalacrocorax nigrogularis"
"00820","Phalacrocorax pygmeus"
"00830","Phalacrocorax africanus"
"00840","Phalacrocorax niger"
"00849","Phalacrocorax sp."
"00850","Anhinga anhinga"
"00860","Anhinga melanogaster"
"00870","Pelecanus erythrorhynchos"
"00880","Pelecanus onocrotalus"
"00890","Pelecanus crispus"
"00900","Pelecanus rufescens"
"00910","Pelecanus occidentalis"
"00919","Pelecanus sp."
"00920","Fregata minor"
"00930","Fregata magnificens"
"00940","Fregata ariel"
"00950","Botaurus stellaris"
"00960","Botaurus lentiginosus"
"00970","Ixobrychus exilis"
"00980","Ixobrychus minutus"
"00990","Ixobrychus sinensis"
"01000","Ixobrychus eurhythmus"
"01010","Ixobrychus cinnamomeus"
"01020","Ardeirallus sturmii"
"01030","Gorsachius goisagi"
"01040","Nycticorax nycticorax"
"01050","Nycticorax caledonicus"
"01060","Nycticorax violaceus"
"01070","Butorides striatus"
"01080","Ardeola ralloides"
"01090","Ardeola grayii"
"01100","Ardeola bacchus"
"01110","Bubulcus ibis"
"01120","Hydranassa caerulea"
"01130","Hydranassa tricolor"
"01140","Hydranassa rufescens"
"01150","Egretta thula"
"01160","Egretta eulophotes"
"01170","Egretta sacra"
"01180","Egretta gularis"
"01181","Egretta gularis gularis"
"01182","Egretta gularis schistacea"
"01190","Egretta garzetta"
"01200","Egretta intermedia"
"01210","Egretta alba"
"01219","Egretta sp."
"01220","Ardea cinerea"
"01230","Ardea herodias"
"01240","Ardea purpurea"
"01250","Ardea goliath"
"01259","Ardea sp."
"01260","Scopus umbretta"
"01270","Mycteria americana"
"01280","Mycteria leucocephala"
"01290","Mycteria ibis"
"01300","Anastomus oscitans"
"01310","Ciconia nigra"
"01320","Ciconia abdimii"
"01330","Ciconia episcopus"
"01340","Ciconia ciconia"
"01349","Ciconia sp."
"01350","Leptoptilos crumeniferus"
"01360","Plegadis falcinellus"
"01370","Plegadis chihi"
"01380","Eudocimus albus"
"01390","Eudocimus ruber"
"01400","Geronticus eremita"
"01410","Nipponia nippon"
"01420","Threskiornis aethiopicus"
"01430","Threskiornis melanocephalus"
"01440","Platalea leucorodia"
"01450","Platalea minor"
"01460","Platalea ajaja"
"01470","Phoenicopterus ruber"
"01471","Phoenicopterus ruber ruber"
"01472","Phoenicopterus ruber roseus"
"01480","Phoenicopterus minor"
"01490","Dendrocygna bicolor"
"01500","Dendrocygna arborea"
"01510","Dendrocygna autumnalis"
"01520","Cygnus olor"
"01530","Cygnus columbianus"
"01531","Cygnus columbianus columbianus"
"01532","Cygnus columbianus bewickii"
"01540","Cygnus cygnus"
"01550","Cygnus buccinator"
"01559","Cygnus sp."
"01560","Anser cygnoides"
"01570","Anser fabalis"
"01571","Anser fabalis fabalis"
"01572","Anser fabalis jonanseni"
"01573","Anser fabalis neglecticus"
"01574","Anser fabalis rossicus"
"01580","Anser brachyrhynchus"
"01590","Anser albifrons"
"01591","Anser albifrons albifrons"
"01592","Anser albifrons flavirostris"
"01600","Anser erythropus"
"01610","Anser anser"
"01620","Anser indicus"
"01630","Anser caerulescens"
"01631","Anser caerulescens caerulescens"
"01632","Anser caerulescens atlanticus"
"01640","Anser rossii"
"01650","Anser canagicus"
"01659","Anser spp."
"01660","Branta canadensis"
"01661","Branta canadensis canadensis"
"01662","Branta canadensis occidentalis"
"01663","Branta canadensis parvipes"
"01664","Branta canadensis hutchinsii"
"01665","Branta canadensis asiatica"
"01670","Branta leucopsis"
"01680","Branta bernicla"
"01681","Branta bernicla bernicla"
"01682","Branta bernicla hrota"
"01683","Branta bernicla nigricans"
"01690","Branta ruficollis"
"01699","Branta sp."
"01700","Alopochen aegyptiacus"
"01710","Tadorna ferruginea"
"01720","Tadorna cristata"
"01730","Tadorna tadorna"
"01740","Plectropterus gambensis"
"01750","Cairina moschata"
"01760","Nettapus coromandelianus"
"01770","Aix sponsa"
"01780","Aix galericulata"
"01790","Anas penelope"
"01800","Anas americana"
"01810","Anas falcata"
"01820","Anas strepera"
"01830","Anas formosa"
"01840","Anas crecca"
"01841","Anas crecca crecca"
"01842","Anas crecca carolinensis"
"01843","Anas crecca nimia"
"01850","Anas capensis"
"01860","Anas platyrhynchos"
"01870","Anas rubripes"
"01880","Anas poecilorhyncha"
"01890","Anas acuta"
"01900","Anas bahamensis"
"01910","Anas querquedula"
"01920","Anas discors"
"01930","Anas cyanoptera"
"01940","Anas clypeata"
"01949","Anas sp."
"01950","Marmaronetta angustirostris"
"01960","Netta rufina"
"01970","Aythya valisineria"
"01980","Aythya ferina"
"01990","Aythya americana"
"02000","Aythya collaris"
"02010","Aythya baeri"
"02020","Aythya nyroca"
"02030","Aythya fuligula"
"02040","Aythya marila"
"02050","Aythya affinis"
"02059","Aythya sp."
"02060","Somateria mollissima"
"02061","Somateria mollissima mollissima"
"02062","Somateria mollissima faeroeensis"
"02063","Somateria mollissima borealis"
"02064","Somateria mollissima nigrum"
"02070","Somateria spectabilis"
"02080","Somateria fischeri"
"02089","Somateria sp."
"02090","Polysticta stelleri"
"02100","Camptorhynchus labradorius"
"02110","Histrionicus histrionicus"
"02120","Clangula hyemalis"
"02130","Melanitta nigra"
"02131","Melanitta nigra nigra"
"02132","Melanitta nigra americana"
"02140","Melanitta perspicillata"
"02150","Melanitta fusca"
"02151","Melanitta fusca fusca"
"02152","Melanitta fusca deglandi"
"02153","Melanitta fusca stejnegeri"
"02160","Bucephala albeola"
"02170","Bucephala islandica"
"02180","Bucephala clangula"
"02190","Mergus cucullatus"
"02200","Mergus albellus"
"02210","Mergus serrator"
"02220","Mergus squamatus"
"02230","Mergus merganser"
"02239","Mergus sp."
"02240","Oxyura dominica"
"02250","Oxyura jamaicensis"
"02260","Oxyura leucocephala"
"02270","Cathartes aura"
"02280","Coragyps atratus"
"02290","Gymnogyps californianus"
"02300","Chondrohierax uncinatus"
"02310","Pernis apivorus"
"02320","Pernis ptilorhyncus"
"02330","Elanoides forficatus"
"02340","Elanus leucurus"
"02350","Elanus caeruleus"
"02360","Ictinia mississippiensis"
"02370","Rostrhamus sociabilis"
"02380","Milvus migrans"
"02390","Milvus milvus"
"02399","Milvus sp."
"02400","Haliastur indus"
"02410","Haliaeetus vocifer"
"02420","Haliaeetus leucoryphus"
"02430","Haliaeetus albicilla"
"02440","Haliaeetus leucocephalus"
"02450","Haliaeetus pelagicus"
"02460","Gypaetus barbatus"
"02470","Neophron percnopterus"
"02480","Necrosyrtes monachus"
"02490","Gyps bengalensis"
"02500","Gyps indicus"
"02510","Gyps fulvus"
"02520","Gyps himalayensis"
"02530","Gyps rueppellii"
"02540","Torgos tracheliotus"
"02550","Aegypius monachus"
"02560","Circaetus gallicus"
"02570","Terathopius ecaudatus"
"02580","Spilornis cheela"
"02590","Geranospiza caerulescens"
"02600","Circus aeruginosus"
"02610","Circus cyaneus"
"02620","Circus macrourus"
"02630","Circus pygargus"
"02640","Circus melanoleucus"
"02649","Circus sp."
"02650","Melierax metabates"
"02660","Micronisus gabar"
"02670","Accipiter gentilis"
"02680","Accipiter virgatus"
"02690","Accipiter nisus"
"02692","Accipiter nisus nisosimilis"
"02700","Accipiter striatus"
"02710","Accipiter soloensis"
"02720","Accipiter badius"
"02730","Accipiter brevipes"
"02740","Accipiter cooperii"
"02749","Accipiter sp."
"02750","Butastur teesa"
"02760","Butastur indicus"
"02770","Buteogallus anthracinus"
"02780","Parabuteo unicinctus"
"02790","Buteo nitidus"
"02800","Buteo platypterus"
"02810","Buteo lineatus"
"02820","Buteo swainsonii"
"02830","Buteo brachyurus"
"02840","Buteo albicaudatus"
"02850","Buteo albonotatus"
"02860","Buteo jamaicensis"
"02870","Buteo buteo"
"02871","Buteo buteo buteo"
"02872","Buteo buteo vulpinus"
"02873","Buteo buteo insularum"
"02880","Buteo rufinus"
"02890","Buteo hemilasius"
"02900","Buteo lagopus"
"02910","Buteo regalis"
"02919","Buteo spp."
"02920","Aquila pomarina"
"02930","Aquila clanga"
"02940","Aquila rapax"
"02941","Aquila rapax rapax"
"02942","Aquila rapax nipalensis"
"02950","Aquila heliaca"
"02951","Aquila heliaca heliaca"
"02952","Aquila heliaca adalberti"
"02960","Aquila chrysaetos"
"02970","Aquila verreauxii"
"02979","Aquila sp."
"02980","Hieraaetus pennatus"
"02990","Hieraaetus fasciatus"
"03000","Spizaetus nipalensis"
"03010","Pandion haliaetus"
"03020","Polyborus plancus"
"03030","Falco naumanni"
"03040","Falco tinnunculus"
"03050","Falco sparverius"
"03060","Falco chicquera"
"03070","Falco vespertinus"
"03080","Falco amurensis"
"03090","Falco columbarius"
"03092","Falco columbarius subaesalon"
"03100","Falco subbuteo"
"03110","Falco eleonorae"
"03120","Falco concolor"
"03130","Falco femoralis"
"03140","Falco biarmicus"
"03150","Falco jugger"
"03160","Falco cherrug"
"03170","Falco altaicus"
"03180","Falco rusticolus"
"03190","Falco mexicanus"
"03200","Falco peregrinus"
"03201","Falco peregrinus peregrinus"
"03202","Falco peregrinus brookei"
"03210","Falco pelegrinoides"
"03219","Falco sp."
"03220","Ortalis vetula"
"03230","Dendragapus falcipennis"
"03240","Dendragapus canadensis"
"03250","Dendragapus obscurus"
"03260","Bonasa bonasia"
"03270","Bonasa sewerzowi"
"03280","Bonasa umbellus"
"03290","Lagopus lagopus"
"03291","Lagopus lagopus lagopus"
"03292","Lagopus lagopus scoticus"
"03300","Lagopus mutus"
"03310","Lagopus leucurus"
"03320","Tetrao tetrix"
"03330","Tetrao mlokosiewiczi"
"03340","Tetrao parvirostris"
"03350","Tetrao urogallus"
"03360","Tympanuchus cupido"
"03370","Tympanuchus phasianellus"
"03380","Centrocercus urophasianus"
"03390","Callipepla picta"
"03400","Callipepla squamata"
"03410","Callipepla californica"
"03420","Callipepla gambelii"
"03430","Callipepla douglasii"
"03440","Philortyx fasciatus"
"03450","Colinus virginianus"
"03460","Cyrtonyx montezumae"
"03470","Lerwa lerwa"
"03480","Tetraophasis obscurus"
"03490","Tetraophasis szechenyii"
"03500","Tetraogallus caucasicus"
"03510","Tetraogallus caspius"
"03520","Tetraogallus himalayensis"
"03530","Tetraogallus tibetanus"
"03540","Tetraogallus altaicus"
"03550","Alectoris chukar"
"03560","Alectoris magna"
"03570","Alectoris graeca"
"03580","Alectoris rufa"
"03590","Alectoris barbara"
"03600","Alectoris philbyi"
"03610","Alectoris melanocephala"
"03620","Ammoperdix griseogularis"
"03630","Ammoperdix heyi"
"03640","Francolinus francolinus"
"03650","Francolinus pondicerianus"
"03660","Francolinus bicalcaratus"
"03670","Perdix perdix"
"03680","Perdix dauuricae"
"03690","Perdix hodgsoniae"
"03699","Perdix sp."
"03700","Coturnix coturnix"
"03710","Coturnix japonica"
"03720","Perdicula asiatica"
"03730","Arborophila torqueola"
"03740","Arborophila rufogularis"
"03750","Arborophila rufipectus"
"03760","Bambusicola thoracica"
"03770","Ithaginis cruentus"
"03780","Tragopan melanocephalus"
"03790","Tragopan satyra"
"03800","Tragopan blythii"
"03810","Tragopan temminckii"
"03820","Pucrasia macrolopha"
"03830","Lophophorus impejanus"
"03840","Lophophorus sclateri"
"03850","Lophophorus lhuysii"
"03860","Gallus gallus"
"03870","Lophura leucomelana"
"03880","Crossoptilon crossoptilon"
"03890","Crossoptilon mantchuricum"
"03900","Crossoptilon auritum"
"03910","Catreus wallichii"
"03920","Syrmaticus soemmerringii"
"03930","Syrmaticus reevesii"
"03940","Phasianus colchicus"
"03950","Phasianus versicolor"
"03960","Chrysolophus pictus"
"03970","Chrysolophus amherstiae"
"03980","Numida meleagris"
"03990","Meleagris gallopavo"
"04000","Turnix sylvatica"
"04010","Turnix tanki"
"04020","Turnix suscitator"
"04030","Rallina eurizonoides"
"04040","Rallus longirostris"
"04050","Rallus elegans"
"04060","Rallus limicola"
"04070","Rallus aquaticus"
"04080","Porzana porzana"
"04090","Porzana carolina"
"04100","Porzana parva"
"04110","Porzana pusilla"
"04120","Porzana marginalis"
"04130","Porzana cinerea"
"04140","Porzana fusca"
"04150","Porzana paykullii"
"04160","Porzana bicolor"
"04169","Porzana sp."
"04170","Coturnicops exquisita"
"04180","Coturnicops noveboracensis"
"04190","Laterallus jamaicensis"
"04200","Limnocorax flavirostra"
"04210","Crex crex"
"04220","Amaurornis akool"
"04230","Amaurornis phoenicurus"
"04240","Gallinula chloropus"
"04250","Porphyrula alleni"
"04260","Porphyrula martinica"
"04270","Porphyrio porphyrio"
"04271","Porphyrio porphyrio porphyrio"
"04272","Porphyrio porphyrio madagascariensis"
"04280","Gallicrex cinerea"
"04290","Fulica atra"
"04300","Fulica americana"
"04310","Fulica cristata"
"04320","Aramus guarauna"
"04330","Grus grus"
"04340","Grus nigricollis"
"04350","Grus monacha"
"04360","Grus canadensis"
"04370","Grus vipio"
"04380","Grus japonensis"
"04390","Grus americana"
"04400","Grus leucogeranus"
"04409","Grus sp."
"04410","Anthropoides virgo"
"04420","Tetrax tetrax"
"04430","Neotis denhami"
"04440","Chlamydotis undulata"
"04441","Chlamydotis undulata undulata"
"04442","Chlamydotis undulata macqueenii"
"04443","Chlamydotis undulata fuertaventurae"
"04450","Ardeotis arabs"
"04460","Otis tarda"
"04470","Hydrophasianus chirurgus"
"04480","Jacana spinosa"
"04490","Rostratula benghalensis"
"04500","Haematopus ostralegus"
"04510","Haematopus palliatus"
"04520","Haematopus bachmani"
"04530","Haematopus moquini"
"04540","Ibidorhyncha struthersii"
"04550","Himantopus himantopus"
"04560","Recurvirostra avosetta"
"04570","Recurvirostra americana"
"04580","Dromas ardeola"
"04590","Burhinus oedicnemus"
"04600","Burhinus senegalensis"
"04610","Burhinus capensis"
"04620","Esacus recurvirostris"
"04630","Pluvianus aegyptius"
"04640","Cursorius cursor"
"04650","Glareola pratincola"
"04660","Glareola maldivarum"
"04670","Glareola nordmanni"
"04680","Glareola lactea"
"04689","Glareola sp."
"04690","Charadrius dubius"
"04700","Charadrius hiaticula"
"04701","Charadrius hiaticula hiaticula"
"04702","Charadrius hiaticula tundrae"
"04710","Charadrius semipalmatus"
"04720","Charadrius placidus"
"04730","Charadrius wilsonia"
"04740","Charadrius vociferus"
"04750","Charadrius melodus"
"04760","Charadrius pecuarius"
"04770","Charadrius alexandrinus"
"04780","Charadrius mongolus"
"04781","Charadrius mongolus mongolus"
"04782","Charadrius mongolus pamirensis"
"04783","Charadrius mongolus atrifrons"
"04784","Charadrius mongolus schaeferi"
"04785","Charadrius mongolus stegmanni"
"04790","Charadrius leschenaultii"
"04800","Charadrius asiaticus"
"04810","Charadrius veredus"
"04820","Charadrius morinellus"
"04830","Charadrius montanus"
"04839","Charadrius sp."
"04840","Pluvialis dominica"
"04841","Pluvialis dominica dominica"
"04842","Pluvialis dominica fulva"
"04850","Pluvialis apricaria"
"04851","Pluvialis apricaria apricaria"
"04852","Pluvialis apricaria altifrons"
"04860","Pluvialis squatarola"
"04870","Hoplopterus spinosus"
"04880","Hoplopterus tectus"
"04890","Hoplopterus cinereus"
"04900","Hoplopterus indicus"
"04910","Chettusia gregaria"
"04920","Chettusia leucura"
"04930","Vanellus vanellus"
"04940","Aphriza virgata"
"04950","Calidris tenuirostris"
"04960","Calidris canutus"
"04961","Calidris canutus canutus"
"04962","Calidris canutus islandicus"
"04970","Calidris alba"
"04980","Calidris pusilla"
"04990","Calidris mauri"
"05000","Calidris ruficollis"
"05010","Calidris minuta"
"05020","Calidris temminckii"
"05030","Calidris subminuta"
"05040","Calidris minutilla"
"05050","Calidris fuscicollis"
"05060","Calidris bairdii"
"05070","Calidris melanotos"
"05080","Calidris acuminata"
"05090","Calidris ferruginea"
"05100","Calidris maritima"
"05110","Calidris ptilocnemis"
"05120","Calidris alpina"
"05121","Calidris alpina alpina"
"05122","Calidris alpina arctica"
"05123","Calidris alpina schinzii"
"05128","Calidris alpina schinzii / arctica"
"05129","Calidris spp."
"05130","Eurynorhynchus pygmeus"
"05140","Limicola falcinellus"
"05150","Micropalama himantopus"
"05160","Tryngites subruficollis"
"05170","Philomachus pugnax"
"05180","Lymnocryptes minimus"
"05190","Gallinago gallinago"
"05200","Gallinago media"
"05210","Gallinago stenura"
"05220","Gallinago megala"
"05230","Gallinago hardwickii"
"05240","Gallinago solitaria"
"05250","Gallinago nemoricola"
"05260","Limnodromus griseus"
"05270","Limnodromus scolopaceus"
"05280","Limnodromus semipalmatus"
"05290","Scolopax rusticola"
"05300","Scolopax mira"
"05310","Scolopax minor"
"05320","Limosa limosa"
"05321","Limosa limosa limosa"
"05322","Limosa limosa islandica"
"05330","Limosa haemastica"
"05340","Limosa lapponica"
"05341","Limosa lapponica lapponica"
"05350","Limosa fedoa"
"05360","Numenius minutus"
"05370","Numenius borealis"
"05380","Numenius phaeopus"
"05390","Numenius tahitiensis"
"05400","Numenius tenuirostris"
"05410","Numenius arquata"
"05420","Numenius americanus"
"05430","Numenius madagascariensis"
"05439","Numenius sp."
"05440","Bartramia longicauda"
"05450","Tringa erythropus"
"05460","Tringa totanus"
"05461","Tringa totanus totanus"
"05462","Tringa totanus robusta"
"05470","Tringa stagnatilis"
"05480","Tringa nebularia"
"05490","Tringa guttifer"
"05500","Tringa melanoleuca"
"05510","Tringa flavipes"
"05520","Tringa solitaria"
"05530","Tringa ochropus"
"05540","Tringa glareola"
"05550","Xenus cinereus"
"05560","Actitis hypoleucos"
"05570","Actitis macularia"
"05580","Heteroscelus brevipes"
"05590","Heteroscelus incanus"
"05600","Catoptrophorus semipalmatus"
"05610","Arenaria interpres"
"05620","Arenaria melanocephala"
"05630","Phalaropus tricolor"
"05640","Phalaropus lobatus"
"05650","Phalaropus fulicaria"
"05659","Limicolae"
"05660","Stercorarius pomarinus"
"05670","Stercorarius parasiticus"
"05680","Stercorarius longicaudus"
"05690","Stercorarius skua"
"05691","Stercorarius skua skua"
"05692","Stercorarius skua loennbergi"
"05693","Stercorarius skua antarcticus"
"05700","Stercorarius maccormicki"
"05709","Stercorarius sp."
"05710","Larus hemprichii"
"05720","Larus leucophthalmus"
"05730","Larus ichthyaetus"
"05740","Larus relictus"
"05750","Larus melanocephalus"
"05760","Larus atricilla"
"05770","Larus pipixcan"
"05780","Larus minutus"
"05790","Larus sabini"
"05800","Larus saundersi"
"05810","Larus philadelphia"
"05820","Larus ridibundus"
"05830","Larus brunnicephalus"
"05840","Larus cirrocephalus"
"05850","Larus genei"
"05860","Larus heermanni"
"05870","Larus crassirostris"
"05880","Larus audouinii"
"05890","Larus delawarensis"
"05900","Larus canus"
"05901","Larus canus canus"
"05902","Larus canus heinei"
"05910","Larus fuscus"
"05911","Larus fuscus fuscus"
"05912","Larus fuscus graellsii"
"05913","Larus fuscus intermedius"
"05920","Larus argentatus"
"05921","Larus argentatus argentatus"
"05922","Larus argentatus heuglini"
"05923","Larus argentatus taimyrensis"
"05924","Larus argentatus vegae"
"05925","Larus argentatus atlantis"
"05926","Larus argentatus michahellis"
"05927","Larus argentatus cachinnans"
"05928","Larus argentatus argenteus"
"05930","Larus californicus"
"05940","Larus occidentalis"
"05950","Larus schistisagus"
"05960","Larus glaucescens"
"05970","Larus thayeri"
"05980","Larus glaucoides"
"05981","Larus glaucoides glaucoides"
"05982","Larus glaucoides kumlieni"
"05990","Larus hyperboreus"
"06000","Larus marinus"
"06009","Larus sp."
"06010","Rhodostethia rosea"
"06020","Rissa tridactyla"
"06030","Rissa brevirostris"
"06040","Pagophila eburnea"
"06050","Gelochelidon nilotica"
"06060","Sterna caspia"
"06070","Sterna maxima"
"06080","Sterna bergii"
"06090","Sterna bengalensis"
"06100","Sterna zimmermanni"
"06110","Sterna sandvicensis"
"06120","Sterna elegans"
"06130","Sterna sumatrana"
"06140","Sterna dougallii"
"06150","Sterna hirundo"
"06160","Sterna paradisaea"
"06170","Sterna aleutica"
"06180","Sterna forsteri"
"06190","Sterna trudeaui"
"06200","Sterna repressa"
"06210","Sterna lunata"
"06220","Sterna anaethetus"
"06230","Sterna fuscata"
"06240","Sterna albifrons"
"06250","Sterna saundersi"
"06259","Sterna sp."
"06260","Chlidonias hybridus"
"06270","Chlidonias niger"
"06280","Chlidonias leucopterus"
"06289","Chlidonias sp."
"06290","Anous tenuirostris"
"06300","Anous stolidus"
"06310","Gygis alba"
"06320","Rynchops nigra"
"06330","Rynchops flavirostris"
"06340","Uria aalge"
"06350","Uria lomvia"
"06359","Uria sp."
"06360","Alca torda"
"06370","Pinguinus impennis"
"06380","Cepphus grylle"
"06390","Cepphus columba"
"06400","Cepphus carbo"
"06409","Cepphus spp."
"06410","Brachyramphus marmoratus"
"06411","Brachyramphus marmoratus marmoratus"
"06412","Brachyramphus marmoratus perdix"
"06420","Brachyramphus brevirostris"
"06429","Brachyramphus sp."
"06430","Endomychura hypoleuca"
"06440","Endomychura craveri"
"06450","Synthliboramphus antiquus"
"06460","Synthliboramphus wumizusume"
"06470","Alle alle"
"06480","Ptychoramphus aleuticus"
"06490","Aethia cristatella"
"06500","Aethia pygmaea"
"06510","Aethia pusilla"
"06520","Cyclorrhynchus psittacula"
"06530","Cerorhinca monocerata"
"06540","Fratercula arctica"
"06550","Fratercula corniculata"
"06560","Lunda cirrhata"
"06570","Pterocles lichtensteinii"
"06580","Pterocles coronatus"
"06590","Pterocles senegallus"
"06600","Pterocles exustus"
"06610","Pterocles orientalis"
"06620","Pterocles alchata"
"06630","Syrrhaptes paradoxus"
"06640","Syrrhaptes tibetanus"
"06650","Columba livia"
"06660","Columba rupestris"
"06670","Columba leuconota"
"06680","Columba oenas"
"06690","Columba eversmanni"
"06700","Columba palumbus"
"06710","Columba trocaz"
"06720","Columba bollii"
"06730","Columba junoniae"
"06740","Columba hodgsonii"
"06750","Columba pulchricollis"
"06760","Columba janthina"
"06770","Columba versicolor"
"06780","Columba jouyi"
"06790","Columba leucocephala"
"06800","Columba squamosa"
"06810","Columba fasciata"
"06820","Columba flavirostris"
"06829","Columba sp."
"06830","Streptopelia roseogrisea"
"06840","Streptopelia decaocto"
"06850","Streptopelia semitorquata"
"06860","Streptopelia tranquebarica"
"06870","Streptopelia turtur"
"06880","Streptopelia lugens"
"06890","Streptopelia orientalis"
"06900","Streptopelia senegalensis"
"06901","Streptopelia senegalensis senegalensis"
"06902","Streptopelia senegalensis phoenicophila"
"06910","Streptopelia chinensis"
"06919","Streptopelia sp."
"06920","Oena capensis"
"06930","Chalcophaps indica"
"06940","Ectopistes migratorius"
"06950","Zenaida macroura"
"06960","Zenaida aurita"
"06970","Zenaida asiatica"
"06980","Columbigallina passerina"
"06990","Scardafella squammata"
"07000","Leptotila verreauxi"
"07010","Geotrygon chrysia"
"07020","Geotrygon montana"
"07030","Treron waalia"
"07040","Treron sphenura"
"07050","Treron sieboldii"
"07060","Treron formosae"
"07070","Aratinga holochlora"
"07080","Conuropsis carolinensis"
"07090","Rhynchopsitta pachyrhyncha"
"07100","Rhynchopsitta terrisi"
"07110","Amazona leucocephala"
"07120","Psittacula krameri"
"07130","Psittacula derbiana"
"07140","Psittacula himalayana"
"07150","Clamator jacobinus"
"07160","Clamator glandarius"
"07170","Hierococcyx fugax"
"07180","Hierococcyx sparverioides"
"07190","Chrysococcyx maculatus"
"07200","Chrysococcyx caprius"
"07210","Chrysococcyx klaas"
"07220","Cacomantis merulinus"
"07230","Cuculus micropterus"
"07240","Cuculus canorus"
"07250","Cuculus saturatus"
"07260","Cuculus poliocephalus"
"07270","Coccyzus erythrophthalmus"
"07280","Coccyzus americanus"
"07290","Coccyzus minor"
"07300","Saurothera merlini"
"07310","Crotophaga ani"
"07320","Crotophaga sulcirostris"
"07330","Geococcyx californianus"
"07340","Centropus senegalensis"
"07350","Tyto alba"
"07351","Tyto alba alba"
"07352","Tyto alba guttata"
"07360","Otus bakkamoena"
"07370","Otus sunia"
"07380","Otus brucei"
"07390","Otus scops"
"07400","Otus flammeolus"
"07410","Otus asio"
"07420","Otus trichopsis"
"07430","Bubo virginianus"
"07440","Bubo bubo"
"07450","Bubo africanus"
"07460","Ketupa blakistoni"
"07470","Ketupa zeylonensis"
"07480","Ketupa flavipes"
"07490","Nyctea scandiaca"
"07500","Surnia ulula"
"07510","Glaucidium passerinum"
"07520","Glaucidium gnoma"
"07530","Glaucidium brasilianum"
"07540","Glaucidium brodiei"
"07550","Micrathene whitneyi"
"07560","Ninox scutulata"
"07570","Athene noctua"
"07580","Athene brama"
"07590","Athene cunicularia"
"07600","Strix leptogrammica"
"07610","Strix aluco"
"07620","Strix butleri"
"07630","Strix varia"
"07640","Strix occidentalis"
"07650","Strix uralensis"
"07660","Strix nebulosa"
"07669","Strix sp."
"07670","Asio otus"
"07680","Asio flammeus"
"07690","Asio capensis"
"07700","Aegolius funereus"
"07710","Aegolius acadicus"
"07719","Strigidae"
"07720","Caprimulgus inornatus"
"07730","Caprimulgus nubicus"
"07740","Caprimulgus centralasicus"
"07750","Caprimulgus mahrattensis"
"07760","Caprimulgus asiaticus"
"07770","Caprimulgus indicus"
"07780","Caprimulgus europaeus"
"07790","Caprimulgus ruficollis"
"07800","Caprimulgus eximius"
"07810","Caprimulgus aegyptius"
"07820","Caprimulgus carolinensis"
"07830","Caprimulgus vociferus"
"07839","Caprimulgus spp."
"07840","Phalaenoptilus nuttallii"
"07850","Nyctidromus albicollis"
"07860","Chordeiles minor"
"07870","Chordeiles acutipennis"
"07880","Cypseloides niger"
"07890","Collocalia brevirostris"
"07900","Chaetura pelagica"
"07910","Chaetura vauxi"
"07920","Hirundapus caudacutus"
"07930","Apus alexandri"
"07940","Apus unicolor"
"07950","Apus apus"
"07960","Apus pallidus"
"07970","Apus pacificus"
"07980","Apus melba"
"07990","Apus caffer"
"08000","Apus affinis"
"08009","Apus spp."
"08010","Aeronautes saxatilis"
"08020","Cypsiurus parvus"
"08030","Chlorostilbon ricordii"
"08040","Cynanthus latirostris"
"08050","Hylocharis xantusii"
"08060","Hylocharis leucotis"
"08070","Amazilia beryllina"
"08080","Amazilia yucatanensis"
"08090","Amazilia tzacatl"
"08100","Amazilia violiceps"
"08110","Lampornis clemenciae"
"08120","Eugenes fulgens"
"08130","Calliphlox evelynae"
"08140","Calothorax lucifer"
"08150","Archilochus colubris"
"08160","Archilochus alexandri"
"08170","Archilochus costae"
"08180","Archilochus anna"
"08190","Stellula calliope"
"08200","Atthis heloisa"
"08210","Selasphorus platycercus"
"08220","Selasphorus rufus"
"08230","Selasphorus sasin"
"08240","Trogon mexicanus"
"08250","Trogon elegans"
"08260","Halcyon coromanda"
"08270","Halcyon smyrnensis"
"08280","Halcyon pileata"
"08290","Halcyon leucocephala"
"08300","Halcyon miyakoensis"
"08310","Alcedo atthis"
"08320","Chloroceryle americana"
"08330","Ceryle rudis"
"08340","Ceryle alcyon"
"08350","Ceryle torquata"
"08360","Ceryle lugubris"
"08370","Merops albicollis"
"08380","Merops orientalis"
"08390","Merops superciliosus"
"08391","Merops superciliosus superciliosus"
"08392","Merops superciliosus chrysocercus"
"08393","Merops superciliosus persicus"
"08400","Merops apiaster"
"08410","Coracias garrulus"
"08420","Coracias abyssinicus"
"08430","Coracias benghalensis"
"08440","Eurystomus glaucurus"
"08450","Eurystomus orientalis"
"08460","Upupa epops"
"08461","Upupa epops epops"
"08462","Upupa epops ceylonensis"
"08463","Upupa epops longirostris"
"08464","Upupa epops major"
"08465","Upupa epops senegalensis"
"08466","Upupa epops waibeli"
"08467","Upupa epops africana"
"08468","Upupa epops marginata"
"08470","Tockus nasutus"
"08480","Jynx torquilla"
"08481","Jynx torquilla torquilla"
"08482","Jynx torquilla tschusii"
"08483","Jynx torquilla sarudnyi"
"08484","Jynx torquilla chinensis"
"08485","Jynx torquilla himalayana"
"08486","Jynx torquilla mauretanica"
"08490","Picumnus innominatus"
"08500","Colaptes auratus"
"08510","Colaptes cafer"
"08520","Colaptes chrysoides"
"08530","Picus chlorolophus"
"08540","Picus flavinucha"
"08550","Picus canus"
"08560","Picus viridis"
"08561","Picus viridis viridis"
"08562","Picus viridis sharpei"
"08570","Picus vaillantii"
"08580","Picus awokera"
"08590","Picus squamatus"
"08600","Sapheopipo noguchii"
"08610","Dinopium benghalense"
"08620","Dryocopus pileatus"
"08630","Dryocopus martius"
"08640","Dryocopus javensis"
"08650","Centurus carolinus"
"08660","Centurus aurifrons"
"08670","Centurus uropygialis"
"08680","Centurus superciliaris"
"08690","Melanerpes erythrocephalus"
"08700","Melanerpes formicivorus"
"08710","Asyndesmus lewis"
"08720","Sphyrapicus varius"
"08730","Sphyrapicus nuchalis"
"08740","Sphyrapicus ruber"
"08750","Sphyrapicus thyroideus"
"08760","Dendrocopos major"
"08761","Dendrocopos major major"
"08770","Dendrocopos leucopterus"
"08780","Dendrocopos syriacus"
"08790","Dendrocopos assimilis"
"08800","Dendrocopos himalayensis"
"08810","Dendrocopos darjellensis"
"08820","Dendrocopos cathpharius"
"08830","Dendrocopos medius"
"08840","Dendrocopos leucotos"
"08850","Dendrocopos hyperythrus"
"08860","Dendrocopos auriceps"
"08870","Dendrocopos minor"
"08880","Dendrocopos canicapillus"
"08890","Dendrocopos kizuki"
"08900","Dendrocopos dorae"
"08910","Dendrocopos scalaris"
"08920","Dendrocopos nuttallii"
"08930","Dendrocopos pubescens"
"08940","Dendrocopos borealis"
"08950","Dendrocopos arizonae"
"08960","Dendrocopos villosus"
"08970","Dendrocopos albolarvatus"
"08979","Dendrocopos sp."
"08980","Dendrocopos tridactylus"
"08990","Dendrocopos arcticus"
"09000","Campephilus principalis"
"09010","Campephilus imperialis"
"09020","Xiphorhynchus flavigaster"
"09030","Lepidocolaptes leucogaster"
"09040","Pachyramphus aglaiae"
"09050","Tityra semifasciata"
"09060","Myiopagis viridicata"
"09070","Elaenia martinica"
"09080","Camptostoma imberbe"
"09090","Sayornis phoebe"
"09100","Sayornis nigricans"
"09110","Sayornis saya"
"09120","Pyrocephalus rubinus"
"09130","Empidonax flaviventris"
"09140","Empidonax virescens"
"09150","Empidonax minimus"
"09160","Empidonax hammondii"
"09170","Empidonax oberholseri"
"09180","Empidonax wrightii"
"09190","Empidonax affinis"
"09200","Empidonax difficilis"
"09210","Empidonax albigularis"
"09220","Empidonax traillii"
"09230","Empidonax alnorum"
"09240","Empidonax fulvifrons"
"09250","Xenotriccus mexicanus"
"09260","Mitrephanes phaeocercus"
"09270","Contopus caribaeus"
"09280","Contopus pertinax"
"09290","Contopus sordidulus"
"09300","Contopus virens"
"09310","Contopus borealis"
"09320","Myiarchus tuberculifer"
"09330","Myiarchus nuttingi"
"09340","Myiarchus cinerascens"
"09350","Myiarchus stolidus"
"09360","Myiarchus tyrannulus"
"09370","Myiarchus crinitus"
"09380","Myiodynastes luteiventris"
"09390","Myiozetetes similis"
"09400","Pitangus sulphuratus"
"09410","Tyrannus vociferans"
"09420","Tyrannus verticalis"
"09430","Tyrannus crassirostris"
"09440","Tyrannus couchii"
"09450","Tyrannus dominicensis"
"09460","Tyrannus cubensis"
"09470","Tyrannus caudifasciatus"
"09480","Tyrannus tyrannus"
"09490","Muscivora tyrannus"
"09500","Muscivora forficata"
"09510","Pitta brachyura"
"09520","Mirafra cantillans"
"09530","Eremopterix nigriceps"
"09540","Eremalauda dunni"
"09550","Ammomanes cincturus"
"09560","Ammomanes phoenicurus"
"09570","Ammomanes deserti"
"09580","Alaemon alaudipes"
"09590","Chersophilus duponti"
"09600","Ramphocoris clotbey"
"09610","Melanocorypha calandra"
"09620","Melanocorypha bimaculata"
"09621","Melanocorypha bimaculata bimaculata"
"09622","Melanocorypha bimaculata refescens"
"09630","Melanocorypha maxima"
"09640","Melanocorypha mongolica"
"09650","Melanocorypha leucoptera"
"09660","Melanocorypha yeltoniensis"
"09670","Calandrella cinerea"
"09680","Calandrella brachydactyla"
"09690","Calandrella acutirostris"
"09700","Calandrella rufescens"
"09701","Calandrella rufescens rufescens"
"09702","Calandrella rufescens cheleensis"
"09710","Calandrella raytal"
"09720","Galerida cristata"
"09730","Galerida theklae"
"09739","Galerida sp."
"09740","Lullula arborea"
"09750","Alauda gulgula"
"09760","Alauda arvensis"
"09770","Alauda razae"
"09780","Eremophila alpestris"
"09790","Eremophila bilopha"
"09799","Alauda sp."
"09800","Riparia paludicola"
"09810","Riparia riparia"
"09820","Stelgidopteryx ruficollis"
"09830","Tachycineta bicolor"
"09840","Tachycineta albilinea"
"09850","Tachycineta thalassina"
"09860","Tachycineta cyaneoviridis"
"09870","Progne chalybea"
"09880","Progne dominicensis"
"09890","Progne subis"
"09900","Ptyonoprogne fuligula"
"09910","Ptyonoprogne rupestris"
"09920","Hirundo rustica"
"09930","Hirundo tahitica"
"09940","Hirundo smithii"
"09950","Hirundo daurica"
"09951","Hirundo daurica daurica"
"09952","Hirundo daurica domicella"
"09960","Hirundo fluvicola"
"09970","Hirundo fulva"
"09980","Hirundo pyrrhonota"
"09990","Delichon nipalensis"
"10000","Delichon dasypus"
"10010","Delichon urbica"
"10019","Hirundinidae"
"10020","Anthus richardi"
"10030","Anthus sylvanus"
"10040","Anthus godlewskii"
"10050","Anthus campestris"
"10060","Anthus berthelotii"
"10070","Anthus similis"
"10080","Anthus hodgsoni"
"10090","Anthus trivialis"
"10100","Anthus gustavi"
"10110","Anthus pratensis"
"10120","Anthus cervinus"
"10130","Anthus roseatus"
"10140","Anthus spinoletta"
"10141","Anthus spinoletta spinoletta"
"10142","Anthus spinoletta petrosus"
"10143","Anthus spinoletta littoralis"
"10144","Anthus spinoletta rubescens"
"10150","Anthus spragueii"
"10159","Anthus spp."
"10160","Dendronanthus indicus"
"10170","Motacilla flava"
"10171","Motacilla flava flava"
"10172","Motacilla flava flavissima"
"10173","Motacilla flava thunbergi"
"10174","Motacilla flava feldegg"
"10175","Motacilla flava cinereocapilla"
"10176","Motacilla flava iberiae"
"10177","Motacilla flava lutea"
"10178","Motacilla flava beema"
"10180","Motacilla citreola"
"10190","Motacilla cinerea"
"10191","Motacilla cinerea cinerea"
"10192","Motacilla cinerea canariensis"
"10200","Motacilla alba"
"10201","Motacilla alba alba"
"10202","Motacilla alba yarrellii"
"10203","Motacilla alba personata"
"10204","Motacilla alba dukhunensis"
"10210","Motacilla grandis"
"10220","Motacilla maderaspatensis"
"10230","Motacilla aguimp"
"10239","Motacilla sp."
"10240","Tephrodornis pondicerianus"
"10250","Coracina melaschistos"
"10260","Pericrocotus ethologus"
"10270","Pericrocotus cinnamomeus"
"10280","Pericrocotus roseus"
"10290","Pericrocotus divaricatus"
"10300","Pericrocotus tegimae"
"10310","Spizixos canifrons"
"10320","Spizixos semitorques"
"10330","Pycnonotus xanthorrhous"
"10340","Pycnonotus sinensis"
"10350","Pycnonotus leucogenys"
"10360","Pycnonotus xanthopygos"
"10370","Pycnonotus barbatus"
"10380","Hypsipetes mcclellandii"
"10390","Hypsipetes amaurotis"
"10400","Hypsipetes madagascariensis"
"10410","Chloropsis hardwickii"
"10420","Myadestes townsendi"
"10430","Myadestes obscurus"
"10440","Phainopepla nitens"
"10450","Ptilogonys cinereus"
"10460","Bombycilla cedrorum"
"10470","Bombycilla japonica"
"10480","Bombycilla garrulus"
"10490","Hypocolius ampelinus"
"10500","Cinclus cinclus"
"10501","Cinclus cinclus cinclus"
"10502","Cinclus cinclus caucasicus"
"10503","Cinclus cinclus aquaticus"
"10504","Cinclus cinclus gularis"
"10510","Cinclus pallasii"
"10520","Cinclus mexicanus"
"10530","Campylorhynchus jocosus"
"10540","Campylorhynchus gularis"
"10550","Campylorhynchus brunneicapillus"
"10560","Salpinctes obsoletus"
"10570","Salpinctes mexicanus"
"10580","Cistothorus platensis"
"10590","Cistothorus palustris"
"10600","Thryomanes bewickii"
"10610","Thryothorus felix"
"10620","Thryothorus maculipectus"
"10630","Thryothorus ludovicianus"
"10640","Thryothorus sinaloa"
"10650","Troglodytes aedon"
"10660","Troglodytes troglodytes"
"10670","Mimus polyglottos"
"10680","Mimus gundlachii"
"10690","Toxostoma rufum"
"10700","Toxostoma longirostre"
"10710","Toxostoma bendirei"
"10720","Toxostoma cinereum"
"10730","Toxostoma ocellatum"
"10740","Toxostoma curvirostre"
"10750","Toxostoma lecontei"
"10760","Toxostoma dorsale"
"10770","Toxostoma redivivum"
"10780","Oreoscoptes montanus"
"10790","Margarops fuscatus"
"10800","Dumetella carolinensis"
"10810","Melanotis caerulescens"
"10820","Prunella immaculata"
"10830","Prunella rubida"
"10840","Prunella modularis"
"10850","Prunella strophiata"
"10860","Prunella montanella"
"10870","Prunella fulvescens"
"10880","Prunella ocularis"
"10890","Prunella fagani"
"10900","Prunella atrogularis"
"10910","Prunella koslowi"
"10920","Prunella rubeculoides"
"10930","Prunella himalayana"
"10940","Prunella collaris"
"10949","Prunella sp."
"10950","Cercotrichas galactotes"
"10951","Cercotrichas galactotes galactotes"
"10952","Cercotrichas galactotes familiaris"
"10953","Cercotrichas galactotes syriacus"
"10960","Cercotrichas podobe"
"10970","Brachypteryx stellata"
"10980","Brachypteryx montana"
"10990","Erithacus rubecula"
"10991","Erithacus rubecula rubecula"
"10992","Erithacus rubecula superbus"
"11000","Erithacus akahige"
"11010","Erithacus komadori"
"11020","Luscinia sibilans"
"11030","Luscinia luscinia"
"11040","Luscinia megarhynchos"
"11041","Luscinia megarhynchos megarhynchos"
"11042","Luscinia megarhynchos hafizi"
"11043","Luscinia megarhynchos africana"
"11050","Luscinia calliope"
"11060","Luscinia svecica"
"11061","Luscinia svecica svecica"
"11062","Luscinia svecica cyanecula"
"11063","Luscinia svecica namnetum"
"11064","Luscinia svecica magna"
"11070","Luscinia pectoralis"
"11080","Luscinia ruficeps"
"11090","Luscinia obscura"
"11100","Luscinia pectardens"
"11110","Luscinia brunnea"
"11120","Luscinia cyane"
"11129","Luscinia sp."
"11130","Tarsiger cyanurus"
"11140","Tarsiger chrysaeus"
"11150","Tarsiger indicus"
"11160","Tarsiger hyperythrus"
"11170","Irania gutturalis"
"11180","Phoenicurus erythronotus"
"11190","Phoenicurus alaschanicus"
"11200","Phoenicurus caeruleocephalus"
"11210","Phoenicurus ochruros"
"11211","Phoenicurus ochruros ochruros"
"11212","Phoenicurus ochruros gibraltarensis"
"11213","Phoenicurus ochruros aterrimus"
"11220","Phoenicurus phoenicurus"
"11221","Phoenicurus phoenicurus phoenicurus"
"11222","Phoenicurus phoenicurus samamisicus"
"11230","Phoenicurus hodgsoni"
"11240","Phoenicurus frontalis"
"11250","Phoenicurus schisticeps"
"11260","Phoenicurus auroreus"
"11270","Phoenicurus moussieri"
"11280","Phoenicurus erythrogaster"
"11289","Phoenicurus sp."
"11290","Rhyacornis fuliginosus"
"11300","Hodgsonius phoenicuroides"
"11310","Grandala coelicolor"
"11320","Sialia currucoides"
"11330","Sialia mexicana"
"11340","Sialia sialis"
"11350","Cercomela melanura"
"11360","Saxicola macrorhyncha"
"11370","Saxicola rubetra"
"11380","Saxicola dacotiae"
"11390","Saxicola torquata"
"11391","Saxicola torquata torquata"
"11392","Saxicola torquata stejnegeri"
"11393","Saxicola torquata rubicola"
"11394","Saxicola torquata maura"
"11395","Saxicola torquata hibernans"
"11400","Saxicola insignis"
"11410","Saxicola caprata"
"11420","Saxicola ferrea"
"11429","Saxicola sp."
"11430","Myrmecocichla aethiops"
"11440","Oenanthe isabellina"
"11450","Oenanthe bottae"
"11460","Oenanthe oenanthe"
"11461","Oenanthe oenanthe oenanthe"
"11462","Oenanthe oenanthe leucorhoa"
"11463","Oenanthe oenanthe seebohmi"
"11470","Oenanthe pleschanka"
"11480","Oenanthe hispanica"
"11481","Oenanthe hispanica hispanica"
"11482","Oenanthe hispanica melanoleuca"
"11490","Oenanthe deserti"
"11500","Oenanthe finschii"
"11510","Oenanthe moesta"
"11520","Oenanthe xanthoprymna"
"11530","Oenanthe picata"
"11540","Oenanthe lugens"
"11550","Oenanthe monacha"
"11560","Oenanthe alboniger"
"11570","Oenanthe leucopyga"
"11580","Oenanthe leucura"
"11589","Oenanthe sp."
"11590","Chaimarrornis leucocephalus"
"11600","Saxicoloides fulicata"
"11610","Monticola rufocinerea"
"11620","Monticola saxatilis"
"11630","Monticola cinclorhyncha"
"11640","Monticola gularis"
"11650","Monticola rufiventris"
"11660","Monticola solitarius"
"11670","Myiophoneus caeruleus"
"11680","Zoothera mollissima"
"11690","Zoothera dixoni"
"11700","Zoothera dauma"
"11710","Zoothera sibirica"
"11720","Zoothera naevia"
"11730","Zoothera pinicola"
"11740","Cichlopasser terrestris"
"11750","Hylocichla mustelina"
"11760","Catharus guttatus"
"11770","Catharus ustulatus"
"11780","Catharus minimus"
"11781","Catharus minimus minimus"
"11782","Catharus minimus bicknelli"
"11790","Catharus fuscescens"
"11800","Catharus aurantiirostris"
"11810","Catharus occidentalis"
"11820","Turdus menachensis"
"11830","Turdus unicolor"
"11840","Turdus cardis"
"11850","Turdus albocinctus"
"11860","Turdus torquatus"
"11861","Turdus torquatus torquatus"
"11862","Turdus torquatus alpestris"
"11870","Turdus merula"
"11871","Turdus merula merula"
"11872","Turdus merula cabrerae"
"11880","Turdus rubrocanus"
"11890","Turdus kessleri"
"11900","Turdus chrysolaus"
"11910","Turdus celaenops"
"11920","Turdus feae"
"11930","Turdus hortulorum"
"11940","Turdus pallidus"
"11950","Turdus obscurus"
"11960","Turdus naumanni"
"11961","Turdus naumanni naumanni"
"11962","Turdus naumanni eunomus"
"11970","Turdus ruficollis"
"11971","Turdus ruficollis ruficollis"
"11972","Turdus ruficollis atrogularis"
"11980","Turdus pilaris"
"11990","Turdus mupinensis"
"12000","Turdus philomelos"
"12001","Turdus philomelos philomelos"
"12002","Turdus philomelos clarkei"
"12010","Turdus iliacus"
"12011","Turdus iliacus iliacus"
"12012","Turdus iliacus coburni"
"12020","Turdus viscivorus"
"12030","Turdus migratorius"
"12040","Turdus rufopalliatus"
"12050","Turdus grayi"
"12060","Turdus albicollis"
"12069","Turdus sp."
"12070","Mimocichla plumbea"
"12080","Enicurus scouleri"
"12090","Enicurus schistaceus"
"12100","Enicurus leschenaulti"
"12110","Enicurus maculatus"
"12120","Tesia castaneocoronata"
"12130","Cettia squameiceps"
"12140","Cettia diphone"
"12150","Cettia fortipes"
"12160","Cettia major"
"12170","Cettia flavolivacea"
"12180","Cettia acanthizoides"
"12190","Cettia brunnifrons"
"12200","Cettia cetti"
"12210","Bradypterus thoracicus"
"12220","Bradypterus major"
"12230","Bradypterus taczanowskius"
"12240","Bradypterus luteoventris"
"12250","Parisoma buryi"
"12260","Cisticola juncidis"
"12270","Prinia gracilis"
"12280","Prinia inornata"
"12290","Prinia criniger"
"12300","Prinia atrogularis"
"12310","Scotocerca inquieta"
"12320","Rhopophilus pekinensis"
"12330","Locustella certhiola"
"12340","Locustella ochotensis"
"12350","Locustella lanceolata"
"12360","Locustella naevia"
"12370","Locustella fluviatilis"
"12380","Locustella luscinioides"
"12390","Locustella fasciolata"
"12399","Locustella sp."
"12400","Megalurus pryeri"
"12410","Acrocephalus melanopogon"
"12411","Acrocephalus melanopogon melanopogon"
"12420","Acrocephalus paludicola"
"12430","Acrocephalus schoenobaenus"
"12440","Acrocephalus sorgophilus"
"12450","Acrocephalus bistrigiceps"
"12460","Acrocephalus concinens"
"12470","Acrocephalus agricola"
"12480","Acrocephalus dumetorum"
"12490","Acrocephalus brevipennis"
"12500","Acrocephalus palustris"
"12510","Acrocephalus scirpaceus"
"12511","Acrocephalus scirpaceus scirpaceus"
"12512","Acrocephalus scirpaceus fuscus"
"12520","Acrocephalus stentoreus"
"12530","Acrocephalus arundinaceus"
"12531","Acrocephalus arundinaceus arundinaceus"
"12532","Acrocephalus arundinaceus griseldis"
"12540","Acrocephalus aedon"
"12549","Acrocephalus sp."
"12550","Hippolais pallida"
"12551","Hippolais pallida pallida"
"12552","Hippolais pallida opacus"
"12553","Hippolais pallida elaeica"
"12554","Hippolais pallida reiseri"
"12555","Hippolais pallida laeneni"
"12560","Hippolais caligata"
"12561","Hippolais caligata caligata"
"12562","Hippolais caligata rama"
"12570","Hippolais languida"
"12580","Hippolais olivetorum"
"12590","Hippolais icterina"
"12600","Hippolais polyglotta"
"12609","Hippolais sp."
"12610","Sylvia sarda"
"12611","Sylvia sarda sarda"
"12612","Sylvia sarda balearica"
"12620","Sylvia undata"
"12630","Sylvia deserticola"
"12640","Sylvia conspicillata"
"12650","Sylvia cantillans"
"12651","Sylvia cantillans cantillans"
"12652","Sylvia cantillans moltoni"
"12653","Sylvia cantillans albistrata"
"12660","Sylvia mystacea"
"12670","Sylvia melanocephala"
"12671","Sylvia melanocephala melanocephala"
"12672","Sylvia melanocephala leucogastra"
"12680","Sylvia melanothorax"
"12681","Sylvia melanothorax melanothorax"
"12682","Sylvia melanothorax cypria"
"12690","Sylvia rueppelli"
"12700","Sylvia nana"
"12710","Sylvia leucomelaena"
"12720","Sylvia hortensis"
"12721","Sylvia hortensis hortensis"
"12722","Sylvia hortensis crassirostris"
"12723","Sylvia hortensis balchanica"
"12724","Sylvia hortensis jerdoni"
"12730","Sylvia nisoria"
"12740","Sylvia curruca"
"12741","Sylvia curruca curruca"
"12742","Sylvia curruca blythi"
"12743","Sylvia curruca halimodendri"
"12744","Sylvia curruca minula"
"12750","Sylvia communis"
"12760","Sylvia borin"
"12770","Sylvia atricapilla"
"12771","Sylvia atricapilla atricapilla"
"12772","Sylvia atricapilla heineken"
"12779","Sylvia sp."
"12780","Seicercus burkii"
"12790","Abroscopus albogularis"
"12800","Abroscopus schisticeps"
"12810","Phylloscopus umbrovirens"
"12820","Phylloscopus ricketti"
"12830","Phylloscopus cantator"
"12840","Phylloscopus davisoni"
"12850","Phylloscopus reguloides"
"12860","Phylloscopus coronatus"
"12870","Phylloscopus occipitalis"
"12880","Phylloscopus tenellipes"
"12890","Phylloscopus ijimae"
"12900","Phylloscopus tytleri"
"12910","Phylloscopus nitidus"
"12920","Phylloscopus plumbeitarsus"
"12930","Phylloscopus trochiloides"
"12940","Phylloscopus magnirostris"
"12950","Phylloscopus borealis"
"12960","Phylloscopus pulcher"
"12970","Phylloscopus maculipennis"
"12980","Phylloscopus proregulus"
"12981","Phylloscopus proregulus proregulus"
"12990","Phylloscopus subviridis"
"13000","Phylloscopus inornatus"
"13001","Phylloscopus inornatus inornatus"
"13002","Phylloscopus inornatus humei"
"13010","Phylloscopus schwarzi"
"13020","Phylloscopus armandii"
"13030","Phylloscopus fuscatus"
"13040","Phylloscopus fuligiventer"
"13050","Phylloscopus griseolus"
"13060","Phylloscopus affinis"
"13070","Phylloscopus bonelli"
"13071","Phylloscopus bonelli bonelli"
"13072","Phylloscopus bonelli orientalis"
"13080","Phylloscopus sibilatrix"
"13090","Phylloscopus neglectus"
"13100","Phylloscopus sindianus"
"13110","Phylloscopus collybita"
"13111","Phylloscopus collybita collybita"
"13112","Phylloscopus collybita fulvescens"
"13113","Phylloscopus collybita tristis"
"13114","Phylloscopus collybita abietinus"
"13115","Phylloscopus collybita ibericus"
"13116","Phylloscopus collybita brehmii"
"13117","Phylloscopus collybita canariensis"
"13120","Phylloscopus trochilus"
"13121","Phylloscopus trochilus trochilus"
"13122","Phylloscopus trochilus acredula"
"13123","Phylloscopus trochilus yakutensis"
"13129","Phylloscopus sp."
"13130","Regulus calendula"
"13140","Regulus regulus"
"13141","Regulus regulus regulus"
"13142","Regulus regulus teneriffae"
"13150","Regulus ignicapillus"
"13151","Regulus ignicapillus ignicapillus"
"13152","Regulus ignicapillus teneriffae"
"13153","Regulus ignicapillus balearicus"
"13160","Regulus satrapa"
"13169","Regulus sp."
"13170","Leptopoecile sophiae"
"13180","Leptopoecile elegans"
"13190","Polioptila melanura"
"13200","Polioptila nigriceps"
"13210","Polioptila caerulea"
"13220","Niltava grandis"
"13230","Niltava sundara"
"13240","Niltava davidi"
"13250","Cyornis vivida"
"13260","Cyornis rubeculoides"
"13270","Muscicapa cyanomelana"
"13280","Muscicapa thalassina"
"13290","Muscicapa rufilata"
"13300","Muscicapa sibirica"
"13310","Muscicapa griseisticta"
"13320","Muscicapa ruficauda"
"13330","Muscicapa muttui"
"13340","Muscicapa latirostris"
"13350","Muscicapa striata"
"13351","Muscicapa striata striata"
"13352","Muscicapa striata balearica"
"13353","Muscicapa striata tyrrenica"
"13360","Muscicapa gambagae"
"13369","Muscicapa sp."
"13370","Ficedula sapphira"
"13380","Ficedula tricolor"
"13390","Ficedula superciliaris"
"13400","Ficedula hodgsonii"
"13410","Ficedula hyperythra"
"13420","Ficedula strophiata"
"13430","Ficedula parva"
"13431","Ficedula parva parva"
"13432","Ficedula parva albicilla"
"13440","Ficedula mugimaki"
"13450","Ficedula zanthopygia"
"13460","Ficedula narcissina"
"13470","Ficedula semitorquata"
"13480","Ficedula albicollis"
"13481","Ficedula albicollis albicollis"
"13482","Ficedula albicollis semitorquata"
"13490","Ficedula hypoleuca"
"13491","Ficedula hypoleuca hypoleuca"
"13492","Ficedula hypoleuca ibericus"
"13500","Culicicapa ceylonensis"
"13510","Rhipidura hypoxantha"
"13520","Rhipidura albicollis"
"13530","Terpsiphone viridis"
"13540","Terpsiphone paradisi"
"13550","Terpsiphone atrocaudata"
"13560","Pomatorhinus erythrogenys"
"13570","Pomatorhinus ruficollis"
"13580","Pnoepyga albiventer"
"13590","Pnoepyga pusilla"
"13600","Spelaeornis troglodytoides"
"13610","Stachyris ruficeps"
"13620","Moupinia poecilotis"
"13630","Chamaea fasciata"
"13640","Panurus biarmicus"
"13650","Conostoma oemodium"
"13660","Paradoxornis paradoxus"
"13670","Paradoxornis unicolor"
"13680","Paradoxornis flavirostris"
"13690","Paradoxornis conspicillatus"
"13700","Paradoxornis webbianus"
"13701","Paradoxornis webbianus webbianus"
"13702","Paradoxornis webbianus suffusa"
"13703","Paradoxornis webbianus fulvicauda"
"13704","Paradoxornis webbianus mantschurica"
"13705","Paradoxornis webbianus alphonsiana"
"13710","Paradoxornis zappeyi"
"13720","Paradoxornis przewalskii"
"13730","Paradoxornis fulvifrons"
"13740","Paradoxornis nipalensis"
"13750","Paradoxornis verreauxi"
"13760","Paradoxornis heudei"
"13770","Turdoides altirostris"
"13780","Turdoides caudatus"
"13790","Turdoides squamiceps"
"13800","Turdoides fulvus"
"13810","Babax lanceolatus"
"13820","Babax waddelli"
"13830","Babax koslowi"
"13840","Garrulax perspicillatus"
"13850","Garrulax albogularis"
"13860","Garrulax pectoralis"
"13870","Garrulax striatus"
"13880","Garrulax maesi"
"13890","Garrulax variegatus"
"13900","Garrulax davidi"
"13910","Garrulax sukatschewi"
"13920","Garrulax cineraceus"
"13930","Garrulax lunulatus"
"13940","Garrulax maximus"
"13950","Garrulax ocellatus"
"13960","Garrulax caerulatus"
"13970","Garrulax canorus"
"13980","Garrulax sannio"
"13990","Garrulax lineatus"
"14000","Garrulax subunicolor"
"14010","Garrulax elliotii"
"14020","Garrulax henrici"
"14030","Garrulax affinis"
"14040","Garrulax erythrocephalus"
"14050","Garrulax formosus"
"14060","Liocichla steerii"
"14070","Leiothrix lutea"
"14080","Myzornis pyrrhoura"
"14090","Cutia nipalensis"
"14100","Pteruthius flaviscapis"
"14110","Pteruthius xanthochloris"
"14120","Actinodura nipalensis"
"14130","Minla cyanouroptera"
"14140","Minla strigula"
"14150","Minla ignotincta"
"14160","Alcippe chrysotis"
"14170","Alcippe cinerea"
"14180","Alcippe castaneceps"
"14190","Alcippe vinipectus"
"14200","Alcippe striaticollis"
"14210","Alcippe ruficapilla"
"14220","Alcippe cinereiceps"
"14230","Alcippe brunnea"
"14240","Alcippe morrisonia"
"14250","Heterophasia capistrata"
"14260","Heterophasia pulchella"
"14270","Yuhina gularis"
"14280","Yuhina diademata"
"14290","Yuhina occipitalis"
"14300","Yuhina nigrimenta"
"14310","Psaltriparus minimus"
"14320","Aegithalos fuliginosus"
"14330","Aegithalos iouschistos"
"14340","Aegithalos niveogularis"
"14350","Aegithalos leucogenys"
"14360","Aegithalos concinnus"
"14370","Aegithalos caudatus"
"14371","Aegithalos caudatus caudatus"
"14372","Aegithalos caudatus sibiricus"
"14373","Aegithalos caudatus japonicus"
"14374","Aegithalos caudatus europaeus"
"14375","Aegithalos caudatus rosaceus"
"14380","Sylviparus modestus"
"14390","Parus superciliosus"
"14400","Parus palustris"
"14410","Parus lugubris"
"14420","Parus montanus"
"14422","Parus montanus songarus"
"14430","Parus atricapillus"
"14440","Parus carolinensis"
"14450","Parus sclateri"
"14460","Parus gambeli"
"14470","Parus wollweberi"
"14480","Parus cinctus"
"14490","Parus hudsonicus"
"14500","Parus rufescens"
"14510","Parus bicolor"
"14520","Parus inornatus"
"14530","Parus dichrous"
"14540","Lophophanes cristatus"
"14550","Parus davidi"
"14560","Parus venustulus"
"14570","Parus varius"
"14580","Parus rufonuchalis"
"14590","Parus rubidiventris"
"14600","Parus melanolophus"
"14610","Periparus ater"
"14611","Periparus ater  ater ater"
"14620","Parus caeruleus"
"14621","Parus caeruleus caeruleus"
"14622","Parus caeruleus ultramarinus"
"14623","Parus caeruleus pleskii"
"14624","Parus caeruleus palmensis"
"14625","Parus caeruleus teneriffae"
"14626","Parus caeruleus ombriosus"
"14627","Parus caeruleus degener"
"14630","Parus cyanus"
"14640","Parus major"
"14641","Parus major major"
"14642","Parus major excelsus"
"14650","Parus bokharensis"
"14660","Parus monticolus"
"14669","Parus sp."
"14670","Sitta yunnanensis"
"14680","Sitta villosa"
"14690","Sitta krueperi"
"14700","Sitta whiteheadi"
"14710","Sitta ledanti"
"14720","Sitta canadensis"
"14730","Sitta pygmaea"
"14740","Sitta pusilla"
"14750","Sitta leucopsis"
"14760","Sitta carolinensis"
"14770","Sitta himalayensis"
"14780","Sitta castanea"
"14790","Sitta europaea"
"14791","Sitta europaea europaea"
"14792","Sitta europaea asiatica"
"14793","Sitta europaea caesia"
"14800","Sitta tephronota"
"14810","Sitta neumayer"
"14820","Tichodroma muraria"
"14830","Certhia discolor"
"14840","Certhia himalayana"
"14850","Certhia nipalensis"
"14860","Certhia familiaris"
"14861","Certhia familiaris familiaris"
"14862","Certhia familiaris britannica"
"14863","Certhia familiaris corsa"
"14864","Certhia familiaris macrodactyla"
"14870","Certhia brachydactyla"
"14880","Cephalopyrus flammiceps"
"14890","Auriparus flaviceps"
"14900","Remiz pendulinus"
"14901","Remiz pendulinus pendulinus"
"14902","Remiz pendulinus coronatus"
"14903","Remiz pendulinus macronyx"
"14910","Anthreptes platurus"
"14920","Anthreptes metallicus"
"14930","Nectarinia asiatica"
"14940","Nectarinia habessinica"
"14950","Nectarinia osea"
"14960","Aethopyga gouldiae"
"14970","Aethopyga nipalensis"
"14980","Aethopyga ignicauda"
"14990","Dicaeum melanoxanthum"
"15000","Dicaeum ignipectus"
"15010","Zosterops palpebrosa"
"15020","Zosterops erythropleura"
"15030","Zosterops japonica"
"15040","Zosterops abyssinica"
"15049","Zosterops sp."
"15050","Apalopteron familiare"
"15060","Oriolus traillii"
"15070","Oriolus chinensis"
"15080","Oriolus oriolus"
"15090","Tchagra senegala"
"15100","Rhodophoneus cruentus"
"15110","Lanius tigrinus"
"15120","Lanius bucephalus"
"15130","Lanius cristatus"
"15140","Lanius isabellinus"
"15150","Lanius collurio"
"15151","Lanius collurio collurio"
"15152","Lanius collurio phoenicuroides"
"15153","Lanius collurio isabellinus"
"15160","Lanius vittatus"
"15170","Lanius schach"
"15180","Lanius tephronotus"
"15190","Lanius minor"
"15200","Lanius excubitor"
"15201","Lanius excubitor excubitor"
"15202","Lanius excubitor elegans"
"15203","Lanius excubitor meridionalis"
"15210","Lanius sphenocercus"
"15220","Lanius ludovicianus"
"15230","Lanius senator"
"15231","Lanius senator senator"
"15232","Lanius senator badius"
"15233","Lanius senator niloticus"
"15240","Lanius nubicus"
"15249","Lanius sp."
"15250","Dicrurus macrocercus"
"15260","Dicrurus leucophaeus"
"15270","Dicrurus hottentottus"
"15280","Cyanocorax dickeyi"
"15290","Cyanocorax yncas"
"15300","Cyanocorax formosa"
"15310","Cyanocorax morio"
"15320","Cyanocorax sanblasiana"
"15330","Cyanocorax beecheii"
"15340","Cyanocitta stelleri"
"15350","Cyanocitta cristata"
"15360","Aphelocoma ultramarina"
"15370","Aphelocoma coerulescens"
"15380","Gymnorhinus cyanocephalus"
"15390","Garrulus glandarius"
"15400","Garrulus lanceolatus"
"15410","Garrulus lidthi"
"15420","Perisoreus canadensis"
"15430","Perisoreus infaustus"
"15440","Perisoreus internigrans"
"15450","Urocissa flavirostris"
"15460","Urocissa erythrorhyncha"
"15470","Cyanopica cyana"
"15480","Dendrocitta formosae"
"15490","Pica pica"
"15491","Pica pica pica"
"15492","Pica pica melanotus"
"15493","Pica pica mauritanica"
"15500","Pica nuttalli"
"15510","Podoces hendersoni"
"15520","Podoces biddulphi"
"15530","Podoces panderi"
"15540","Podoces pleskei"
"15550","Pseudopodoces humilis"
"15560","Nucifraga columbiana"
"15570","Nucifraga caryocatactes"
"15571","Nucifraga caryocatactes caryocatactes"
"15572","Nucifraga caryocatactes macrorhynchos"
"15580","Pyrrhocorax graculus"
"15590","Pyrrhocorax pyrrhocorax"
"15600","Corvus monedula"
"15601","Corvus monedula monedula"
"15602","Corvus monedula soemmerringii"
"15603","Corvus monedula spermologus"
"15610","Corvus dauuricus"
"15620","Corvus splendens"
"15630","Corvus frugilegus"
"15640","Corvus brachyrhynchos"
"15650","Corvus imparatus"
"15660","Corvus ossifragus"
"15670","Corvus corone"
"15671","Corvus corone corone"
"15673","Corvus corone cornix"
"15680","Corvus macrorhynchos"
"15690","Corvus torquatus"
"15700","Corvus albus"
"15710","Corvus ruficollis"
"15720","Corvus corax"
"15721","Corvus corax corax"
"15722","Corvus corax tingitanus"
"15730","Corvus cryptoleucus"
"15740","Corvus rhipidurus"
"15749","Corvus sp."
"15750","Onychognathus tristramii"
"15760","Cinnyricinclus leucogaster"
"15770","Sturnus pagodarum"
"15780","Sturnus sericeus"
"15790","Sturnus sturninus"
"15800","Sturnus philippensis"
"15810","Sturnus sinensis"
"15820","Sturnus vulgaris"
"15830","Sturnus unicolor"
"15840","Sturnus roseus"
"15850","Sturnus cineraceus"
"15859","Sturnus sp."
"15860","Creatophora cineracea"
"15870","Acridotheres tristis"
"15880","Acridotheres ginginianus"
"15890","Acridotheres cristatellus"
"15900","Passer ammodendri"
"15910","Passer domesticus"
"15911","Passer domesticus domesticus"
"15912","Passer domesticus italiae"
"15913","Passer domesticus indicus"
"15920","Passer hispaniolensis"
"15921","Passer hispaniolensis hispaniolensis"
"15922","Passer hispaniolensis maltae"
"15930","Passer pyrrhonotus"
"15940","Passer rutilans"
"15950","Passer moabiticus"
"15960","Passer iagoensis"
"15970","Passer simplex"
"15980","Passer montanus"
"15990","Passer luteus"
"16000","Passer euchlorus"
"16009","Passer sp."
"16010","Petronia brachydactyla"
"16020","Petronia xanthocollis"
"16030","Petronia dentata"
"16040","Petronia petronia"
"16050","Montifringilla theresae"
"16060","Montifringilla blanfordi"
"16070","Montifringilla ruficollis"
"16080","Montifringilla davidiana"
"16090","Montifringilla taczanowskii"
"16100","Montifringilla adamsi"
"16110","Montifringilla nivalis"
"16120","Ploceus galbula"
"16130","Lagonosticta senegala"
"16140","Uraeginthus bengalus"
"16150","Estrilda astrild"
"16160","Estrilda rufibarba"
"16170","Amandava subflava"
"16180","Euodice malabarica"
"16190","Euodice cantans"
"16200","Lonchura striata"
"16210","Vireo atricapillus"
"16220","Vireo pallens"
"16230","Vireo griseus"
"16240","Vireo crassirostris"
"16250","Vireo bellii"
"16260","Vireo vicinior"
"16270","Vireo solitarius"
"16280","Vireo flavifrons"
"16290","Vireo huttoni"
"16300","Vireo hypochryseus"
"16310","Vireo philadelphicus"
"16320","Vireo flavoviridis"
"16330","Vireo olivaceus"
"16340","Vireo altiloquus"
"16350","Vireo gilvus"
"16360","Fringilla coelebs"
"16361","Fringilla coelebs coelebs"
"16362","Fringilla coelebs africana"
"16363","Fringilla coelebs ombriosa"
"16364","Fringilla coelebs palmae"
"16365","Fringilla coelebs canariensis"
"16370","Fringilla teydea"
"16371","Fringilla teydea teydea"
"16372","Fringilla teydea polatzeki"
"16380","Fringilla montifringilla"
"16389","Fringilla sp."
"16390","Serinus pusillus"
"16400","Serinus serinus"
"16410","Serinus syriacus"
"16420","Serinus canaria"
"16430","Serinus thibetanus"
"16440","Serinus citrinella"
"16441","Serinus citrinella citrinella"
"16442","Serinus citrinella corsicana"
"16450","Serinus rothschildi"
"16460","Serinus menachensis"
"16470","Rhynchostruthus socotranus"
"16480","Callacanthis burtoni"
"16490","Carduelis chloris"
"16500","Carduelis sinica"
"16510","Carduelis ambigua"
"16520","Carduelis spinoides"
"16530","Carduelis carduelis"
"16531","Carduelis carduelis carduelis"
"16532","Carduelis carduelis caniceps"
"16540","Carduelis spinus"
"16550","Carduelis pinus"
"16560","Carduelis notata"
"16570","Carduelis tristis"
"16580","Carduelis psaltria"
"16590","Carduelis lawrencei"
"16600","Carduelis cannabina"
"16601","Carduelis cannabina cannabina"
"16602","Carduelis cannabina meadewaldoi"
"16603","Carduelis cannabina harteri"
"16604","Carduelis cannabina mediterranea"
"16610","Carduelis yemenensis"
"16620","Carduelis flavirostris"
"16630","Carduelis flammea"
"16631","Carduelis flammea flammea"
"16632","Carduelis flammea rostrata"
"16634","Carduelis flammea cabaret"
"16640","Carduelis hornemanni"
"16641","Carduelis hornemanni hornemanni"
"16642","Carduelis hornemanni exilipes"
"16649","Carduelis spp."
"16650","Loxia leucoptera"
"16660","Loxia curvirostra"
"16670","Loxia scotica"
"16680","Loxia pytyopsittacus"
"16689","Loxia sp."
"16690","Leucosticte nemoricola"
"16700","Leucosticte brandti"
"16710","Leucosticte arctoa"
"16720","Leucosticte tephrocotis"
"16730","Rhodopechys sanguinea"
"16740","Rhodospiza obsoleta"
"16750","Bucanetes mongolicus"
"16760","Bucanetes githagineus"
"16770","Carpodacus rubescens"
"16780","Carpodacus nipalensis"
"16790","Carpodacus erythrinus"
"16800","Carpodacus purpureus"
"16810","Carpodacus cassinii"
"16820","Carpodacus mexicanus"
"16830","Carpodacus pulcherrimus"
"16840","Carpodacus eos"
"16850","Carpodacus rhodochrous"
"16860","Carpodacus vinaceus"
"16870","Carpodacus edwardsii"
"16880","Carpodacus synoicus"
"16890","Carpodacus roseus"
"16900","Carpodacus trifasciatus"
"16910","Carpodacus rhodopeplus"
"16920","Carpodacus thura"
"16930","Carpodacus rhodochlamys"
"16940","Carpodacus grandis"
"16950","Carpodacus rubicilloides"
"16960","Carpodacus rubicilla"
"16970","Carpodacus puniceus"
"16980","Kozlowia roborowskii"
"16990","Pinicola enucleator"
"17000","Propyrrhula subhimachala"
"17010","Chaunoproctus ferreorostris"
"17020","Haematospiza sipahi"
"17030","Pyrrhoplectes epauletta"
"17040","Uragus sibiricus"
"17050","Urocynchramus pylzowi"
"17060","Pyrrhula nipalensis"
"17070","Pyrrhula aurantiaca"
"17080","Pyrrhula erythrocephala"
"17090","Pyrrhula erythaca"
"17100","Pyrrhula pyrrhula"
"17101","Pyrrhula pyrrhula pyrrhula"
"17102","Pyrrhula pyrrhula europaeus"
"17103","Pyrrhula pyrrhula pileata"
"17104","Pyrrhula pyrrhula cineracea"
"17105","Pyrrhula pyrrhula murina"
"17110","Mycerobas icterioides"
"17120","Mycerobas affinis"
"17130","Mycerobas melanozanthos"
"17140","Mycerobas carnipes"
"17150","Eophona migratoria"
"17160","Eophona personata"
"17170","Coccothraustes coccothraustes"
"17180","Hesperiphona vespertina"
"17190","Hesperiphona abeillei"
"17200","Mniotilta varia"
"17210","Vermivora bachmanii"
"17220","Vermivora chrysoptera"
"17230","Vermivora pinus"
"17240","Vermivora peregrina"
"17250","Vermivora celata"
"17260","Vermivora ruficapilla"
"17270","Vermivora virginiae"
"17280","Vermivora crissalis"
"17290","Vermivora luciae"
"17300","Vermivora superciliosa"
"17310","Parula pitiayumi"
"17320","Parula americana"
"17330","Dendroica petechia"
"17340","Dendroica pensylvanica"
"17350","Dendroica cerulea"
"17360","Dendroica caerulescens"
"17370","Dendroica pinus"
"17380","Dendroica graciae"
"17390","Dendroica pityophila"
"17400","Dendroica dominica"
"17410","Dendroica kirtlandii"
"17420","Dendroica nigrescens"
"17430","Dendroica occipitalis"
"17440","Dendroica townsendi"
"17450","Dendroica virens"
"17460","Dendroica chrysoparia"
"17470","Dendroica fusca"
"17480","Dendroica discolor"
"17490","Dendroica tigrina"
"17500","Dendroica magnolia"
"17510","Dendroica coronata"
"17520","Dendroica palmarum"
"17530","Dendroica striata"
"17540","Dendroica castanea"
"17550","Setophaga ruticilla"
"17560","Seiurus aurocapillus"
"17570","Seiurus noveboracensis"
"17580","Seiurus motacilla"
"17590","Helmitheros swainsonii"
"17600","Helmitheros vermivorus"
"17610","Protonotaria citrea"
"17620","Geothlypis trichas"
"17630","Geothlypis rostrata"
"17640","Geothlypis speciosa"
"17650","Geothlypis nelsoni"
"17660","Chamaethlypis poliocephala"
"17670","Oporornis formosus"
"17680","Oporornis agilis"
"17690","Oporornis philadelphia"
"17700","Oporornis tolmiei"
"17710","Wilsonia citrina"
"17720","Wilsonia pusilla"
"17730","Wilsonia canadensis"
"17740","Cardinella rubrifrons"
"17750","Ergaticus ruber"
"17760","Myioborus pictus"
"17770","Myioborus miniatus"
"17780","Euthlypis lachrymosa"
"17790","Basileuterus culicivorus"
"17800","Basileuterus rufifrons"
"17810","Peucedramus taeniatus"
"17820","Icteria virens"
"17830","Coereba flaveola"
"17840","Piranga bidentata"
"17850","Piranga flava"
"17860","Piranga rubra"
"17870","Piranga ludoviciana"
"17880","Piranga olivacea"
"17890","Piranga erythrocephala"
"17900","Spindalis zena"
"17910","Euphonia affinis"
"17920","Euphonia elegantissima"
"17930","Diglossa baritula"
"17940","Atlapetes pileatus"
"17950","Atlapetes torquatus"
"17960","Arremonops rufivirgatus"
"17970","Pipilo chlorurus"
"17980","Pipilo erythrophthalmus"
"17990","Pipilo fuscus"
"18000","Pipilo aberti"
"18010","Melozone kieneri"
"18020","Tiaris canora"
"18030","Tiaris bicolor"
"18040","Sporophila torqueola"
"18050","Volatinia jacarina"
"18060","Aimophila bilineata"
"18070","Aimophila belli"
"18080","Aimophila mystacalis"
"18090","Aimophila botterii"
"18100","Aimophila cassinii"
"18110","Aimophila aestivalis"
"18120","Aimophila quinquestriata"
"18130","Aimophila carpalis"
"18140","Aimophila ruficeps"
"18150","Aimophila rufescens"
"18160","Oriturus superciliosus"
"18170","Spizella arborea"
"18180","Spizella passerina"
"18190","Spizella pallida"
"18200","Spizella breweri"
"18210","Spizella pusilla"
"18220","Spizella wortheni"
"18230","Spizella atrogularis"
"18240","Chondestes grammacus"
"18250","Pooecetes gramineus"
"18260","Ammodramus sandwichensis"
"18270","Ammodramus bairdii"
"18280","Ammodramus savannarum"
"18290","Ammodramus leconteii"
"18300","Ammodramus caudacutus"
"18310","Ammodramus maritimus"
"18320","Ammodramus baileyi"
"18330","Ammodramus henslowii"
"18340","Zonotrichia iliaca"
"18341","Zonotrichia iliaca iliaca"
"18350","Melospiza melodia"
"18360","Zonotrichia lincolnii"
"18370","Zonotrichia georgiana"
"18380","Zonotrichia querula"
"18390","Zonotrichia leucophrys"
"18400","Zonotrichia albicollis"
"18410","Zonotrichia atricapilla"
"18420","Junco hyemalis"
"18430","Junco caniceps"
"18440","Junco phaeonotus"
"18450","Calamospiza melanocorys"
"18460","Calcarius mccownii"
"18470","Calcarius lapponicus"
"18480","Calcarius ornatus"
"18490","Calcarius pictus"
"18500","Plectrophenax nivalis"
"18501","Plectrophenax nivalis nivalis"
"18502","Plectrophenax nivalis insulae"
"18510","Emberiza siemsseni"
"18520","Emberiza variabilis"
"18530","Emberiza spodocephala"
"18540","Emberiza sulphurata"
"18550","Emberiza koslowi"
"18560","Emberiza leucocephalos"
"18570","Emberiza citrinella"
"18580","Emberiza cirlus"
"18590","Emberiza stewarti"
"18600","Emberiza cia"
"18610","Emberiza cioides"
"18620","Emberiza jankowskii"
"18630","Emberiza striolata"
"18640","Emberiza tahapisi"
"18650","Emberiza cineracea"
"18660","Emberiza hortulana"
"18670","Emberiza buchanani"
"18680","Emberiza caesia"
"18690","Emberiza fucata"
"18700","Emberiza elegans"
"18710","Emberiza chrysophrys"
"18720","Emberiza tristrami"
"18730","Emberiza rustica"
"18740","Emberiza pusilla"
"18750","Emberiza rutila"
"18760","Emberiza aureola"
"18770","Emberiza schoeniclus"
"18771","Emberiza schoeniclus schoeniclus"
"18772","Emberiza schoeniclus witherbyi"
"18780","Emberiza pallasi"
"18790","Emberiza yessoensis"
"18800","Emberiza bruniceps"
"18810","Emberiza melanocephala"
"18819","Emberiza sp."
"18820","Miliaria calandra"
"18830","Melophus lathami"
"18840","Spiza americana"
"18850","Pheucticus chrysopeplus"
"18860","Pheucticus melanocephalus"
"18870","Pheucticus ludovicianus"
"18880","Cardinalis cardinalis"
"18890","Cardinalis sinuatus"
"18900","Rhodothraupis celaeno"
"18910","Guiraca caerulea"
"18920","Passerina cyanea"
"18930","Passerina amoena"
"18940","Passerina versicolor"
"18950","Passerina ciris"
"18960","Passerina leclancherii"
"18970","Dolichonyx oryzivorus"
"18980","Molothrus aeneus"
"18990","Molothrus ater"
"19000","Euphagus cyanocephalus"
"19010","Euphagus carolinensis"
"19020","Quiscalus mexicanus"
"19030","Quiscalus palustris"
"19040","Quiscalus major"
"19050","Quiscalus quiscula"
"19060","Sturnella neglecta"
"19070","Sturnella magna"
"19080","Agelaius tricolor"
"19090","Agelaius phoeniceus"
"19100","Agelaius humeralis"
"19110","Xanthocephalus xanthocephalus"
"19120","Icterus parisorum"
"19130","Icterus graduacauda"
"19140","Icterus wagleri"
"19150","Icterus dominicensis"
"19160","Icterus cucullatus"
"19170","Icterus spurius"
"19180","Icterus galbula"
"19190","Icterus pustulatus"
"19200","Icterus gularis"
"19210","Icterus pectoralis"
"19220","Cacicus melanicterus"
"20010","Turtur afer"
"20020","Thalassoica antarctica"
"20030","Ploceus cucullatus"
"20040","Phalacrocorax capensis"
"20050","Passer griseus"
"20060","Pagodroma nivea"
"20070","Chionis alba"
"20080","Hirundo lucida"
"20090","Diomedea chrysostoma"
"20100","Phoebetria palpebrata"
"20110","Macronectes halli"
"20120","Pterodroma brevirostris"
"20130","Fulmarus glacialoides"
"20140","Garrodia nereis"
"20150","Porphyrula flavirostris"
"20160","Halobaena caerulea"
"20170","Pelecanoides urinatrix"
"20180","Pelecanoides georgicus"
"20190","Phalacrocorax atriceps"
"20191","Phalacrocorax atriceps atriceps"
"20192","Phalacrocorax atriceps nivalis"
"20193","Phalacrocorax atriceps georgianus"
"20200","Pygoscelis adeliae"
"20210","Pygoscelis antarctica"
"20220","Pygoscelis papua"
"20230","Phoenicopterus chilensis"
"20240","Quelea quelea"
"20250","Amandava amandava"
"20260","Lonchura punctulata"
"20270","Estrilda troglodytes"
"20280","Rhodopechys githaginea"
"20290","Lonchura malacca"
"20291","Lonchura malacca malacca"
"20292","Lonchura malacca atricapilla"
"20300","Eudyptes chrysolophus"
"20310","Ardea melanocephala"
"20320","Pachyptila desolata"
"20330","Pterodroma incerta"
"20340","Cossypha natalensis"
"20350","Sterna hirundinacea"
"20360","Larus maculipennis"
"20370","Argya fulva"
"20380","Chloephaga picta"
"20390","Myiopsitta monachus"
"20400","Oceanodroma markhami"
"20410","Ploceus melanocephalus"
"20420","Euplectes afer"
"20430","Estrilda melpoda"
"20439","Estrilda sp."
"20440","Poephila guttata"
"20450","Lonchura maja"
"20459","Lonchura sp."
"20460","Charadrius marginatus"
"20470","Euplectes orix"
"20480","Euplectes franciscanos"
"20490","Pterodroma cahow"
"20500","Sula capensis"
"20600","Larus dominicanus"
"20700","Sterna vittata"
"20800","Cygnus atratus"
"20900","Acrocephalus baeticatus"
"21000","Andropadus importunus"
"21100","Batis senegalensis"
"21200","Camaroptera brachyura"
"21300","Chalcites basalis"
"21400","Cossypha niveicapilla"
"21500","Dicrurus adsimilis"
"21600","Dryoscopus senegalensis"
"21700","Elminia longicauda"
"21800","Halcyon senegaloides"
"21900","Melaenomis edolioides"
"22000","Melaniparus leucomelas"
"22100","Muscicapa caerulescens"
"22200","Myioparus plumbeus"
"22300","Nectarinia bifasciata"
"22310","Nectarinia veroxii"
"22400","Nectarinia pulchella"
"22500","Passer motitensis"
"22600","Peliocichla pelios"
"22700","Platysteira cyanea"
"22800","Plocepasser mahali"
"22900","Sylvietta brachyura"
"23000","Terpsiphone rufiventer"
"23100","Trochocercus cyanomelas"
"23200","Accipiter tachiro"
"23300","Tympanistria tympanistria"
"23400","Andropadus virens"
"23500","Andropadus curvirostris"
"23600","Andropadus latirostris"
"23700","Phyllastrephus albigularis"
"23800","Bleda canicapilla"
"23900","Criniger barbatus"
"24000","Criniger calurus"
"24200","Stiphrornis erythrothorax"
"24300","Camaroptera brevicaudata"
"24400","Sylvietta virens"
"24500","Hylia prasina"
"24600","Fraseria cinerascens"
"24700","Dyaphorophyia castanea"
"24800","Tchitrea rufiventer"
"24900","Illadopsis rufescens"
"24995","Species not accepted"
"24997","Cage & exotic birds"
"24998","Hybrids & intermediates"
"25000","Trichastoma moloneyanum iboensis"
"25100","Anthreptes collaris"
"25200","Cyanomitra olivacea"
"25300","Nicator chloris"
"25400","Malimbus nitens"
"25500","Spermophaga haematina"
"25600","Laniarius aethiopicus"
"25700","Callonetta leucophrys"
"25800","Mareca sibilatrix"
"25900","Paecilonetta bahamensis"
"26000","Pyrrhura orcesi"
"26100","Atlapetes pallidiceps"
"26200","Cyanoliseus patagonus"
"26300","Larus belcheri"
"26400","Ploceus castaneiceps"
"26410","Ploceus capitalis"
"26420","Ploceus intermedius"
"26430","Vidua macroura"
"26440","Estrilda perreina"
"26450","Estrilda rhodopyga"
"26460","Amaurornis flavirostris"
"26470","Vanellus albiceps"
"26480","Illadopsis puveli"
"26490","Prionops plumatus"
"26500","Calamator levaillautii"
"26510","Streptopelia vinacea"
"26520","Campethera punctuligera"
"26530","Turdus pelios"
"26540","Chlorocichla flavicollis"
"26550","Lybius dubius"
"26560","Larus argentatus mongolicus"
"26570","Anas crecca carolinensis"
"26580","Sylvia minula"
"26590","Nettapus auritus"
"26600","Coturnix delegorguei"
"26610","Psittacula eupatria"
"26620","Euplectes albonotatus"
"26632","Larus argentatus smithsonianus"
"26642","Motacilla flava leucocephala"
"26643","Motacilla flava simillima"
"26650","Tadorna radjah"
"26660","Tadorna cana"
"26670","Tadorna tadornoides"
"26680","Tadorna variegata"
"26690","Amazona oratrix"
"26700","Pachyptila belcheri"
"26710","Centropus superciliosus"
"26711","Centropus superciliosus superciliosus"
"26712","Centropus superciliosus sokotrae"
"26713","Centropus superciliosus loandae"
"26714","Centropus superciliosus burchellii"
"26720","Agelaius cyanopus"
"26730","Ammodramus humeralis"
"26740","Anthus hellmayri"
"26750","Aratinga leucophthalmus"
"26760","Arremon taciturnus"
"26770","Attila bolivianus"
"26780","Buteo magnirostris"
"26790","Cacicus cela"
"26800","Camptostoma obsoletum"
"26810","Caprimulgus parvulus parvulus"
"26820","Certhiaxis cinnamomea"
"26830","Chloroceryle amazona"
"26840","Cnemotriccus fuscatus"
"26850","Colaptes campestris"
"26860","Columbina picui"
"26870","Coryphaspiza melanotis"
"26880","Cranioleuca gutturata"
"26890","Crypturellus parvirostris"
"26900","Culicivora caudacuta"
"26910","Deconychura longicauda"
"26920","Dendrocincla merula"
"26921","Dendrocincla merula merula"
"26930","Donacobius atricapilla"
"26940","Donacospiza albifrons"
"26950","Dysithamnus mentalis"
"26960","Elaenia flavogaster"
"26970","Elaenia parvirostris"
"26980","Emberizoides herbicola"
"26990","Eucometis penicillata"
"26991","Eucometis penicillata penicillata"
"27000","Euphonia chlorotica"
"27010","Euphonia laniirostris"
"27011","Euphonia laniirostris laniirostris"
"27020","Formicivora rufa"
"27030","Furnarius leucopus"
"27031","Furnarius leucopus leucopus"
"27040","Furnarius rufus"
"27050","Galbula ruficauda"
"27051","Galbula ruficauda ruficauda"
"27060","Geothlypis aequinoctialis"
"27061","Geothlypis aequinoctialis aequinoctialis"
"27070","Hemitriccus flammulatus"
"27080","Hemitriccus zosterops"
"27090","Hydropsalis brasiliana"
"27100","Icterus cayanensis"
"27110","Inezia inornata"
"27120","Jacana jacana"
"27130","Knipolegus hudsoni"
"27140","Laterallus melanophaius"
"27150","Lathrotriccus euleri"
"27160","Lepidocolaptes angustirostris"
"27170","Leptopogon amaurocephalus"
"27180","Leptotila rufaxilla"
"27190","Leucopternis schistacea"
"27200","Mimus saturninus"
"27210","Momotus momota"
"27211","Momotus momota momota"
"27212","Momotus momota coeruliceps"
"27220","Monasa nigrifrons"
"27230","Myiarchus ferox"
"27240","Myiarchus swainsoni"
"27250","Myiophobus fasciatus"
"27260","Myiozetetes cayanensis"
"27270","Myrmeciza hemimelaena"
"27280","Myrmeciza hyperythra"
"27290","Myrmoborus leucophrys"
"27300","Neopelma sulphureiventer"
"27310","Oryzoborus angolensis"
"27320","Paroaria gularis"
"27321","Paroaria gularis gularis"
"27330","Phacellodomus ruber"
"27340","Picumnus albosquamatus"
"27350","Pipra fasciicauda"
"27360","Polioptila dumicola"
"27361","Polioptila dumicola dumicola"
"27370","Pseudocolopteryx sclateri"
"27380","Ramphocelus carbo"
"27390","Saltator maximus"
"27400","Satrapa icterophrys"
"27410","Schiffornis turdinus"
"27420","Schistochlamys melanopis"
"27430","Serpophaga munda"
"27440","Sittasomus griseicapillus"
"27450","Sporophila caerulescens"
"27460","Sporophila collaris"
"27470","Sporophila leucoptera"
"27471","Sporophila leucoptera leucoptera"
"27472","Sporophila leucoptera bicolor"
"27480","Sporophila ruficollis"
"27490","Synallaxis albescens"
"27500","Synallaxis gujanensis"
"27510","Synallaxis hypospodia"
"27520","Tapera naevia"
"27530","Taraba major"
"27540","Thamnophilus doliatus"
"27541","Thamnophilus doliatus doliatus"
"27550","Thamnophilus punctatus"
"27560","Thamnophilus schistaceus"
"27570","Thlypopsis sordida"
"27580","Thraupis palmarum"
"27590","Thraupis sayaca"
"27600","Thryothorus genibarbis"
"27610","Thryothorus guarayanus"
"27620","Todirostrum latirostre"
"27630","Tolmomyias sulphurescens"
"27640","Trogon melanurus"
"27650","Turdus amaurochalinus"
"27660","Turdus hauxwelli"
"27670","Veniliornis passerinus"
"27680","Xenops tenuirostris"
"27690","Xiphorhynchus guttatus"
"27691","Xiphorhynchus guttatus guttatus"
"27700","Xiphorhynchus picus"
"27710","Xolmis velata"
"27720","Fregetta grallaria"
"27730","Fregetta tropica"
"27740","Pachyptila turtur"
"27741","Pachyptila turtur turtur"
"27742","Pachyptila turtur subantarctica"
"27750","Aptenodytes patagonicus"
"27760","Aptenodytes forsteri"
"27770","Anas georgica"
"27771","Anas georgica georgica"
"27772","Anas georgica spinicauda"
"27780","Anthus antarcticus"
"27790","Procellaria cinera"
"27800","Procellaria aequinoctialis"
"27810","Procellaria parkinsoni"
"27820","Procellaria westlandica"
"27830","Otus insularis"
"27900","Neochen jubata"
"27910","Copsychus albospecularis"
"27920","Copsychus saularis"
"27930","Copsychus sechellarum"
"27940","Copsychus malabaricus"
"27960","Copsychus luzoniensis"
"27970","Copsychus niger"
"27980","Copsychus cebuensis"
"27990","Balearica regulorum"
"27991","Balearica regulorum regulorum"
"27992","Balearica regulorum gibbericeps"
"28000","Anas erythrorhyncha"
"28010","Francolinus erckelii"
"28020","Anumbius annumbi"
"28030","Anas bernieri"
"30010","Accipiter castanilius"
"30020","Accipiter erythropus"
"30030","Accipiter melanoleucus"
"30040","Accipiter ovampensis"
"30050","Acrocephalus gracilirostris"
"30060","Acrocephalus rufescens"
"30070","Actophilornis africanus"
"30080","Aenigmatolimnas marginalis"
"30090","Agapornis pullarius"
"30100","Agelastes niger"
"30110","Alcedo coerulescens"
"30120","Alcedo cristata"
"30130","Alcedo leucogaster"
"30140","Alcedo quadribrachys"
"30150","Alethe diademata"
"30160","Amadina fasciata"
"30170","Amblyospiza albifrons"
"30180","Anaplectes rubriceps"
"30190","Anas hottentota"
"30200","Anas sparsa"
"30210","Anas undulata"
"30220","Anastomus lamelligerus"
"30230","Andropadus ansorgei"
"30240","Andropadus gracilirostris"
"30250","Andropadus gracilis"
"30260","Andropadus montanus"
"30270","Andropadus tephrolaemus"
"30280","Anhinga rufa"
"30290","Anomalospiza imberbis"
"30300","Anous minutus"
"30310","Anthoscopus flavifrons"
"30320","Anthoscopus parvulus"
"30330","Anthoscopus punctifrons"
"30340","Anthreptes fraseri"
"30350","Anthreptes gabonicus"
"30360","Anthreptes longuemarei"
"30370","Anthreptes rectirostris"
"30380","Anthus cinnamomeus"
"30390","Anthus leucophrys"
"30400","Apalis cinerea"
"30410","Apalis flavida"
"30420","Apalis jacksoni"
"30430","Apalis nigriceps"
"30440","Apalis pulchra"
"30450","Apalis rufogularis"
"30460","Apaloderma aequatoriale"
"30470","Apaloderma narina"
"30480","Apaloderma vittatum"
"30490","Aplopelia larvata"
"30500","Apus barbatus"
"30510","Apus horus"
"30520","Apus sladeniae"
"30530","Aquila nipalensis"
"30540","Aquila wahlbergi"
"30550","Ardea intermedia"
"30560","Ardeola rufiventris"
"30570","Aviceda cuculoides"
"30580","Baeopogon clamans"
"30590","Baeopogon indicator"
"30600","Balearica pavonina"
"30601","Balearica pavonina pavonina"
"30602","Balearica pavonina ceciliae"
"30610","Batis orientalis"
"30620","Batis poensis"
"30630","Bias flammulatus"
"30640","Bias musicus"
"30650","Bleda eximia"
"30660","Bleda syndactyla"
"30670","Bostrychia hagedash"
"30680","Bostrychia olivacea"
"30690","Bostrychia rara"
"30700","Bradornis pallidus"
"30710","Bradypterus baboecala"
"30720","Bradypterus bangwaensis"
"30730","Bubalornis albirostris"
"30740","Bubo lacteus"
"30750","Bubo poensis"
"30760","Buccanodon duchaillui"
"30770","Bucorvus abyssinicus"
"30780","Buphagus africanus"
"30790","Burhinus vermiculatus"
"30800","Butastur rufipennis"
"30810","Buteo auguralis"
"30820","Calyptocichla serina"
"30830","Camaroptera chloronota"
"30840","Camaroptera superciliaris"
"30850","Campephaga oriolina"
"30860","Campephaga petiti"
"30870","Campephaga phoenicea"
"30880","Campephaga quiscalina"
"30890","Campethera abingoni"
"30900","Campethera cailliautii"
"30910","Campethera caroli"
"30920","Campethera nivosa"
"30930","Campethera tullbergi"
"30940","Canirallus oculeus"
"30950","Caprimulgus climacurus"
"30960","Caprimulgus natalensis"
"30970","Caprimulgus pectoralis"
"30980","Caprimulgus tristigma"
"30990","Centropus grillii"
"31000","Centropus leucogaster"
"31010","Centropus monachus"
"31020","Ceratogymna albotibialis"
"31030","Ceratogymna atrata"
"31040","Ceratogymna bucinator"
"31050","Ceratogymna elata"
"31060","Ceratogymna fistulator"
"31070","Ceratogymna subcylindricus"
"31080","Cercococcyx mechowi"
"31090","Cercococcyx olivinus"
"31100","Cercomela familiaris"
"31110","Cercotrichas hartlaubi"
"31120","Ceuthmochares aereus"
"31130","Charadrius forbesi"
"31140","Charadrius tricollaris"
"31150","Chelictinia riocourii"
"31160","Chlorocichla simplex"
"31170","Chloropeta natalensis"
"31180","Chrysococcyx cupreus"
"31190","Chrysococcyx flavigularis"
"31200","Circaetus cinerascens"
"31210","Circaetus cinereus"
"31220","Cisticola anonymus"
"31230","Cisticola aridulus"
"31240","Cisticola brachypterus"
"31250","Cisticola cantans"
"31260","Cisticola chubbi"
"31270","Cisticola dorsti"
"31280","Cisticola emini"
"31290","Cisticola erythrops"
"31300","Cisticola eximius"
"31310","Cisticola galactotes"
"31320","Cisticola lateralis"
"31330","Cisticola natalensis"
"31340","Cisticola robustus"
"31350","Cisticola ruficeps"
"31360","Cisticola rufus"
"31370","Clamator levaillantii"
"31380","Clytospiza monteiri"
"31390","Colius striatus"
"31400","Columba arquatrix"
"31410","Columba delegorguei"
"31420","Columba guinea"
"31430","Columba unicincta"
"31440","Coracias cyanogaster"
"31450","Coracias naevia"
"31460","Coracina azurea"
"31470","Coracina caesia"
"31480","Coracina pectoralis"
"31490","Corvinella corvina"
"31500","Corythaeola cristata"
"31510","Cossypha albicapilla"
"31520","Cossypha cyanocampter"
"31530","Cossypha isabellae"
"31540","Cossypha polioptera"
"31550","Cossyphicula roberti"
"31560","Coturnix adansonii"
"31570","Crecopsis egregia"
"31580","Crinifer piscator"
"31590","Criniger chloronotus"
"31600","Criniger olivaceus"
"31610","Cuculus clamosus"
"31620","Cuculus gularis"
"31630","Cuculus solitarius"
"31640","Cursorius temminckii"
"31650","Dendropicos elachus"
"31660","Dendropicos elliotii"
"31670","Dendropicos fuscescens"
"31680","Dendropicos gabonensis"
"31690","Dendropicos goertae"
"31700","Dendropicos obsoletus"
"31710","Dendropicos poecilolaemus"
"31720","Dendropicos pyrrhogaster"
"31730","Dendropicos xantholophus"
"31740","Dicrurus atripennis"
"31750","Dicrurus ludwigii"
"31760","Dicrurus modestus"
"31770","Drymocichla incana"
"31780","Dryoscopus angolensis"
"31790","Dryoscopus gambensis"
"31800","Dryoscopus sabini"
"31810","Dryotriorchis spectabilis"
"31820","Egretta ardesiaca"
"31830","Elanus axillaris"
"31840","Elminia albiventris"
"31850","Elminia nigromitrata"
"31860","Emberiza affinis"
"31870","Emberiza cabanisi"
"31880","Emberiza flaviventris"
"31890","Ephippiorhynchus senegalensis"
"31900","Eremomela badiceps"
"31910","Eremomela canescens"
"31920","Eremomela icteropygialis"
"31930","Eremomela pusilla"
"31940","Eremopterix leucotis"
"31950","Erythrocercus mccallii"
"31960","Estrilda caerulescens"
"31970","Estrilda nonnula"
"31980","Estrilda paludicola"
"31990","Estrilda poliopareia"
"32000","Euplectes ardens"
"32010","Euplectes axillaris"
"32020","Euplectes capensis"
"32030","Euplectes hartlaubi"
"32040","Euplectes hordeaceus"
"32050","Euplectes macrourus"
"32060","Eupodotis melanogaster"
"32070","Eupodotis ruficrista"
"32080","Eupodotis senegalensis"
"32090","Eurystomus gularis"
"32100","Euschistospiza dybowskii"
"32110","Falco alopex"
"32120","Falco ardosiaceus"
"32130","Falco cuvierii"
"32140","Fraseria ocreata"
"32150","Galerida modesta"
"32160","Gallinula angulata"
"32170","Glareola cinerea"
"32180","Glareola nuchalis"
"32190","Glaucidium perlatum"
"32200","Glaucidium sjostedti"
"32210","Gorsachius leuconotus"
"32220","Grus virgo"
"32230","Guttera pucherani"
"32240","Gymnobucco calvus"
"32250","Gymnobucco peli"
"32260","Gypohierax angolensis"
"32270","Gyps africanus"
"32280","Halcyon badia"
"32300","Halcyon chelicuti"
"32310","Halcyon malimbica"
"32320","Halcyon senegalensis"
"32330","Harpyhaliaetus coronatus"
"32340","Heliolais erythroptera"
"32350","Hieraaetus ayresii"
"32360","Hieraaetus spilogaster"
"32370","Himantornis haematopus"
"32380","Hirundo abyssinica"
"32390","Hirundo aethiopica"
"32400","Hirundo domicella"
"32410","Hirundo fuligula"
"32420","Hirundo leucosoma"
"32430","Hirundo nigrita"
"32440","Hirundo preussi"
"32450","Hirundo semirufa"
"32460","Hirundo senegalensis"
"32470","Hyliota flavigaster"
"32480","Hyliota violacea"
"32490","Hypergerus atriceps"
"32500","Illadopsis cleaveri"
"32510","Illadopsis fulvescens"
"32520","Illadopsis rufipennis"
"32530","Indicator exilis"
"32540","Indicator indicator"
"32550","Indicator maculatus"
"32560","Indicator minor"
"32570","Indicator willcocksi"
"32580","Ispidina lecontei"
"32590","Ispidina picta"
"32600","Ixobrychus sturmii"
"32610","Ixonotus guttatus"
"32620","Jynx ruficollis"
"32630","Kakamega poliothorax"
"32640","Kaupifalco monogrammicus"
"32650","Kupeornis gilberti"
"32660","Lagonosticta larvata"
"32670","Lagonosticta rara"
"32680","Lagonosticta rubricata"
"32690","Lagonosticta rufopicta"
"32700","Lagonosticta sanguinodorsalis"
"32710","Lamprotornis caudatus"
"32720","Lamprotornis chalcurus"
"32730","Lamprotornis chalybaeus"
"32740","Lamprotornis chloropterus"
"32750","Lamprotornis pulcher"
"32760","Lamprotornis purpureiceps"
"32770","Lamprotornis purpureus"
"32780","Lamprotornis splendidus"
"32790","Laniarius atrococcineus"
"32800","Laniarius atroflavus"
"32810","Laniarius barbarus"
"32820","Laniarius erythrogaster"
"32830","Laniarius fuelleborni"
"32840","Laniarius leucorhynchus"
"32850","Laniarius luehderi"
"32860","Laniarus barbarus"
"32870","Lanius collaris"
"32880","Lanius excubitoroides"
"32890","Lanius gubernator"
"32900","Lanius mackinnoni"
"32910","Lanius meridionalis"
"32920","Linurgus olivaceus"
"32930","Lonchura cantans"
"32940","Lophaetus occipitalis"
"32950","Lybius bidentatus"
"32960","Lybius leucocephalus"
"32970","Lybius vieilloti"
"32980","Macheiramphus alcinus"
"32990","Macrodipteryx longipennis"
"33000","Macrodipteryx vexillarius"
"33010","Macrosphenus flavicans"
"33020","Macrosphenus kempi"
"33030","Malaconotus blanchoti"
"33040","Malaconotus cruentus"
"33050","Malaconotus gladiator"
"33060","Malaconotus sulfureopecous"
"33070","Malimbus erythrogaster"
"33080","Malimbus ibadanensis"
"33090","Malimbus malimbicus"
"33100","Malimbus racheliae"
"33110","Malimbus rubricollis"
"33120","Malimbus scutatus"
"33130","Mandingoa nitidula"
"33140","Megaceryle maxima"
"33150","Melichneutes robustus"
"33160","Melierax gabar"
"33170","Melocichla mentalis"
"33180","Merops breweri"
"33190","Merops bulocki"
"33200","Merops gularis"
"33210","Merops hirundineus"
"33220","Merops malimbicus"
"33230","Merops muelleri"
"33240","Merops nubicus"
"33250","Merops pusillus"
"33260","Merops variegatus"
"33270","Microparra capensis"
"33280","Mirafra africana"
"33290","Mirafra rufocinnamomea"
"33300","Morus capensis"
"33310","Motacilla clara"
"33320","Muscicapa adusta"
"33330","Muscicapa aquatica"
"33340","Muscicapa cassini"
"33350","Muscicapa comitata"
"33360","Muscicapa epulata"
"33370","Muscicapa infuscata"
"33380","Muscicapa olivascens"
"33390","Muscicapa sethsmithi"
"33400","Muscicapa tessmanni"
"33410","Muscicapa ussheri"
"33420","Musophaga violacea"
"33430","Myioparus griseigularis"
"33440","Myrmecocichla albifrons"
"33450","Myrmecocichla nigra"
"33460","Neafrapus cassini"
"33470","Nectarinia adelberti"
"33480","Nectarinia batesi"
"33490","Nectarinia bouvieri"
"33500","Nectarinia chloropygia"
"33510","Nectarinia coccinigaster"
"33520","Nectarinia cuprea"
"33530","Nectarinia cyanolaema"
"33540","Nectarinia fuliginosa"
"33550","Nectarinia johannae"
"33560","Nectarinia minulla"
"33570","Nectarinia olivacea"
"33580","Nectarinia oritis"
"33590","Nectarinia preussi"
"33600","Nectarinia reichenbachii"
"33610","Nectarinia rubescens"
"33620","Nectarinia seimundi"
"33630","Nectarinia senegalensis"
"33640","Nectarinia superba"
"33650","Nectarinia venusta"
"33660","Nectarinia verticalis"
"33670","Neocossyphus finschii"
"33680","Neocossyphus fraseri"
"33690","Neocossyphus poensis"
"33700","Neocossyphus rufus"
"33710","Neotis nuba"
"33720","Nesocharis capistrata"
"33730","Nesocharis shelleyi"
"33740","Nigrita bicolor"
"33750","Nigrita canicapilla"
"33760","Nigrita fusconota"
"33770","Nigrita luteifrons"
"33780","Nilaus afer"
"33790","Oenanthe heuglini"
"33800","Onychognathus fulgidus"
"33810","Onychognathus morio"
"33820","Onychognathus walleri"
"33830","Oriolus auratus"
"33840","Oriolus brachyrhynchus"
"33850","Oriolus nigripennis"
"33860","Ortygospiza atricollis"
"33870","Ortyxelos meiffrenii"
"33880","Otus leucotis"
"33890","Otus senegalensis"
"33900","Pachycoccyx audeberti"
"33910","Pachyphantes superciliosus"
"33920","Parmoptila woodhousei"
"33930","Parus albiventris"
"33940","Parus leucomelas"
"33950","Peliperdix albogularis"
"33960","Peliperdix coqui"
"33970","Peliperdix lathami"
"33980","Phoeniculus bollei"
"33990","Phoeniculus castaneiceps"
"34000","Phoeniculus purpureus"
"34010","Pholidornis rushiae"
"34020","Phyllanthus atripennis"
"34030","Phyllastrephus baumanni"
"34040","Phyllastrephus icterinus"
"34050","Phyllastrephus poensis"
"34060","Phyllastrephus poliocephalus"
"34070","Phyllastrephus xavieri"
"34080","Phyllolais pulchella"
"34090","Phylloscopus herberti"
"34100","Picathartes oreas"
"34110","Pinarocorys erythropygia"
"34120","Pitta angolensis"
"34130","Platalea alba"
"34140","Platysteira blissetti"
"34150","Platysteira castanea"
"34160","Platysteira concreta"
"34170","Plocepasser superciliosus"
"34180","Ploceus albinucha"
"34190","Ploceus aurantius"
"34200","Ploceus baglafecht"
"34210","Ploceus bannermani"
"34220","Ploceus bicolor"
"34230","Ploceus heuglini"
"34240","Ploceus insignis"
"34250","Ploceus luteolus"
"34260","Ploceus nigricollis"
"34270","Ploceus ocularis"
"34280","Ploceus pelzelni"
"34290","Ploceus tricolor"
"34300","Ploceus vitellinus"
"34310","Podica senegalensis"
"34320","Poeoptera lugubris"
"34330","Pogoniulus atroflavus"
"34340","Pogoniulus bilineatus"
"34350","Pogoniulus chrysoconus"
"34360","Pogoniulus coryphaeus"
"34370","Pogoniulus pusillus"
"34380","Pogoniulus scolopaceus"
"34390","Pogoniulus subsulphureus"
"34400","Poicephalus gulielmi"
"34410","Poicephalus robustus"
"34420","Poicephalus senegalus"
"34430","Polemaetus bellicosus"
"34440","Poliolais lopezi"
"34450","Polyboroides typus"
"34460","Prinia fluviatilis"
"34470","Prinia subflava"
"34480","Prionops caniceps"
"34490","Prodotiscus insignis"
"34500","Prodotiscus regulus"
"34510","Psalidoprocne fuliginosa"
"34520","Psalidoprocne holomelas"
"34530","Psalidoprocne nitens"
"34540","Psalidoprocne obscura"
"34550","Pseudhirundo griseopyga"
"34560","Pseudoalcippe abyssinica"
"34570","Psittacus erithacus"
"34580","Pternistis ahantensis"
"34590","Pternistis bicalcaratus"
"34600","Pternistis clappertoni"
"34610","Pternistis squamatus"
"34620","Pterocles quadricinctus"
"34630","Pteronetta hartlaubii"
"34640","Ptilopachus petrosus"
"34650","Ptilostomus afer"
"34660","Pyrenestes ostrinus"
"34670","Pyrrhurus scandens"
"34680","Pytilia hypogrammica"
"34690","Pytilia melba"
"34700","Pytilia phoenicoptera"
"34710","Rhaphidura sabini"
"34720","Rhinopomastus aterrimus"
"34730","Rhinoptilus chalcopterus"
"34740","Riparia cincta"
"34750","Sagittarius serpentarius"
"34760","Salpornis spilonotus"
"34770","Sarkidiornis melanotos"
"34780","Sarothrura boehmi"
"34790","Sarothrura elegans"
"34800","Sarothrura pulchra"
"34810","Sarothrura rufa"
"34820","Schoenicola brevirostris"
"34830","Scotopelia bouvieri"
"34840","Scotopelia peli"
"34850","Serinus burtoni"
"34860","Serinus gularis"
"34870","Serinus leucopygius"
"34880","Serinus mozambicus"
"34890","Sheppardia cyornithopsis"
"34900","Smithornis capensis"
"34910","Smithornis rufolateralis"
"34920","Smithornis sharpei"
"34930","Spermestes bicolor"
"34940","Spermestes cucullatus"
"34950","Spermestes fringilloides"
"34960","Spiloptila clamans"
"34970","Spizaetus africanus"
"34980","Sporopipes frontalis"
"34990","Sterna balaenarum"
"35000","Streptopelia decipiens"
"35010","Streptopelia hypopyrrha"
"35020","Strix woodfordii"
"35030","Sylvietta denti"
"35040","Tachymarptis aequatorialis"
"35050","Tauraco leucolophus"
"35060","Tauraco macrorhynchus"
"35070","Tauraco persa"
"35080","Tchagra australis"
"35090","Tchagra minuta"
"35100","Telacanthura melanopygia"
"35110","Telacanthura ussheri"
"35120","Telophorus multicolor"
"35130","Telophorus sulfureopectus"
"35140","Terpsiphone rufocinerea"
"35150","Thalassornis leuconotus"
"35160","Thamnolaea cinnamomeiventris"
"35170","Thamnolaea coronata"
"35180","Thescelocichla leucopleura"
"35190","Tigriornis leucolophus"
"35200","Tockus camurus"
"35210","Tockus erythrorhynchus"
"35220","Tockus fasciatus"
"35230","Tockus hartlaubi"
"35240","Trachyphonus margaritatus"
"35250","Trachyphonus purpuratus"
"35260","Treron calva"
"35270","Tricholaema hirsuta"
"35280","Trigonoceps occipitalis"
"35290","Trochocercus nitens"
"35300","Tropicranus albocristatus"
"35310","Turdoides plebejus"
"35320","Turdoides reinwardtii"
"35330","Turnix nana"
"35340","Turtur abyssinicus"
"35350","Turtur brehmeri"
"35360","Turtur tympanistria"
"35370","Upupa africana"
"35380","Urocolius macrourus"
"35390","Urolais epichlora"
"35400","Urotriorchis macrourus"
"35410","Vanellus crassirostris"
"35420","Vanellus lugubris"
"35430","Vanellus senegallus"
"35440","Vanellus superciliosus"
"35450","Vanellus tectus"
"35460","Vidua chalybeata"
"35470","Vidua funerea"
"35480","Vidua interjecta"
"35490","Vidua larvaticola"
"35500","Vidua maryae"
"35510","Vidua nigeriae"
"35520","Vidua paradisaea"
"35530","Vidua raricola"
"35540","Vidua wilsoni"
"35550","Zoothera crossleyi"
"35560","Zoothera princei"
"35570","Zosterops senegalensis"
"90010","01600 x 01670"
"90011","01600 x 01670"
"90012","01670 x 01600"
"90020","01610 x 01660"
"90021","01610 x 01660"
"90022","01660 x 01610"
"90030","01620 x 01670"
"90031","01620 x 01670"
"90032","01670 x 01620"
"90040","01660 x 01670"
"90041","01660 x 01670"
"90042","01670 x 01660"
"90050","01860 x domesticated duck"
"90051","01860 x domesticated duck"
"90052","domesicated duck x 01860"
"90060","03200 Falco peregrinus hybrid"
"90061","reserved"
"90062","reserved"
"90070","03320 x 03350"
"90071","03320 x 03350"
"90072","03350 x 03320"
"90080","05920 x 05990 Nelsons Gull"
"90081","05920 x 05990 Nelsons Gull"
"90082","05990 x 05920 Nelsons Gull"
"90090","05920 x 05927"
"90091","05920 x 05927"
"90092","05927 x 05920"
"90100","09920 x 10010"
"90101","09920 x 10010"
"90102","10010 x 09920"
"90110","11210 x 11220"
"90111","11210 x 11220"
"90112","11220 x 11210"
"90120","12510 x 12530"
"90121","12510 x 12530"
"90122","12530 x 12510"
"90130","Backcrossing Ficedula"
"90131","reserved"
"90132","reserved"
"90140","13480 x 13490"
"90141","13480 x 13490"
"90142","13490 x 13480"
"90150","14620 x 14630 Pleskes Tit"
"90151","14620 x 14530 Pleskes Tit"
"90152","14630 x 14620 Pleskes Tit"
"90160","16540 Carduelis spinus hybrid"
"90161","reserved"
"90162","reserved"
"99999","Ring destroyed or lost"
